compound_name,smiles,formal_charge,n_unpaired_electrons
cid-3644219,COC(=O)c1cc(NC(=O)CSc2nnc(-c3cc(OC)c(OC)c(OC)c3)o2)cc(C(=O)OC)c1,0,0
cid-9461338,COc1ccc(CC[NH+](C)[C@H](C)C(=O)Nc2ccc(F)c(Cl)c2)cc1OC,1,0
cid-104846769,CNc1nc(CC(F)(F)F)nc(-c2ccccc2)c1C,0,0
cid-7785542,CNC(=O)NC(=O)[C@@H](C)OC(=O)c1cc2ccccc2oc1=O,0,0
cid-163805508,C/C=C\C(C)=C/NCCO,0,0
cid-111743451,CCNC(=NCC1(c2cccc(Br)c2)CCC1)N1CCC(c2cnn(C)c2)C1,0,0
cid-34110132,CCCc1nnc(NC(=O)CCCNC(=O)c2ccco2)s1,0,0
cid-9257909,CC(C)[C@H](NC(=O)CCCN1C(=O)c2ccccc2C1=O)c1ccc2c(c1)OCCO2,0,0
cid-163635192,CCOC(=O)N1C2COCC1CC(N)C2,0,0
cid-82292572,COc1ccc(C(C#N)CC(=O)O)cc1Cl,0,0
cid-43843579,CCOc1ccc(CN(C(=O)C2C(C=C(C)C)C2(C)C)C2CCS(=O)(=O)C2)cc1,0,0
cid-9463602,COc1cc(Br)c(CC(=O)NC2=NCCS2)cc1OC,0,0
cid-116715017,CCC(OC)C(N)CCc1cccs1,0,0
cid-142662014,CCCCCc1ccc(C(=O)N(CCN(CCCC)CCCC)Cc2ccc(-c3ccccc3)c(C(F)(F)F)c2)cc1,0,0
cid-103203869,CN(Cc1cccc(CN)c1)c1nnc2ccccc2n1,0,0
cid-81192235,Nc1ccc(F)cc1S(=O)Cc1ccc2ccccc2n1,0,0
cid-50759372,Cc1ccc2c(=O)c(C(=O)c3cccc(Cl)c3)cn(Cc3ccc(F)cc3)c2n1,0,0
cid-168984073,CN1C(=O)/C(=C/Br)N(CCOCCO[Si](C)(C)C(C)(C)C)C1=O,0,0
cid-146596169,COc1ccc(CC(=O)NC2CNCC2c2ccc(C(F)(F)F)cc2)cc1,0,0
cid-116605786,Nc1ccc(/C=C/C(=O)c2ccccc2C(F)(F)F)cc1,0,0
cid-5618372,CCOC(=O)/C(=N\Nc1ccc(Br)cc1)Sc1nnnn1-c1ccccc1,0,0
cid-92113376,Cc1cc(F)ccc1S(=O)(=O)N1CCCN(S(=O)(=O)c2cn(C)cn2)CC1,0,0
cid-71916980,COCCNc1ccccc1CNC(=O)C(C)N1CCCCCC1,0,0
cid-119800037,Nc1ccc(CC(=O)NCCCOCC2CCOC2)cc1,0,0
cid-23263901,COc1ccc2c(c1)CCC1C2=NCC2(C)C(O)CCC12,0,0
cid-61766709,CC(C)CN(CC(C)C)C(C)C(C)O,0,0
cid-11730640,CN(C)C(=O)C(CCN1CCN(c2ccccc2OCCO)CC1)(c1ccccc1)c1ccccc1,0,0
cid-60558548,Cc1ccc(CN(CCN(C)C)C(=O)c2ccc3c(c2)CCCC3)o1,0,0
cid-163883357,CC(=O)C(C#N)=CNc1ccc(N(C)c2ncnc3[nH]ccc23)cc1,0,0
cid-132391725,O=S(=O)(CC1CCCC(F)(F)C1)NCCc1ccns1,0,0
cid-171771951,NS(=O)(=O)c1cccc(NC(=O)c2c3ccccc3nn2CC2CCCO2)c1,0,0
cid-162450482,CCC(C(N)=O)c1nc2c(cc1C)N(c1ccc(F)cc1)CCC2,0,0
cid-159473132,COC(=O)[C@@]1(O)C[C@@H](O)[C@@H](C)C([C@H](O)[C@H](O)CNC(=O)c2cccc(Oc3ccccc3)c2)O1,0,0
cid-118560105,CC(C)(C)OC(=O)N(CCCCN(OC(C)(C)C)C(=O)CCCNC(=O)CCOCCOCCOCCOCCN=[N+]=[N-])CCCNOC(=O)C(C)(C)C,0,0
cid-143191831,CC(C)(C)NP(=O)(O)c1ccc(-c2nc(N)sc2C(=O)C(C)(C)C)o1,0,0
cid-23983936,CC(C)=CCC/C(C)=C/CN1C(=O)[C@]2(O[C@H](CCn3cc(C(CO)c4ccccc4)nn3)[C@@H]([Si](C)(C)O)[C@@H]2C)c2cc(N3C(=O)CCc4ccccc43)ccc21,0,0
cid-67327227,Cc1ccc(COc2ccc(Oc3c(C)cc(/C=C/C(=O)N4CCN(Cc5ccc(CCOc6ccc(F)cc6)cc5)CC4)cc3Cl)nc2)cc1,0,0
cid-64886965,CC1(C)C(=O)NC(C2CC2)C(=O)N1CCOCC(F)(F)F,0,0
cid-20658728,COC(=O)Nc1ccc(Br)c(F)c1,0,0
cid-103086864,COCCNC(C)c1nnnn1C(C)(C)COC,0,0
cid-109800501,CCNC(=NCC1(c2ccccc2OC)CCCC1)NC1CCN(C(=O)C(C)C)C1,0,0
cid-9845737,COc1ccc(C(=O)Nc2cc(C(=O)Nc3cccc(N(C)C)c3)ccc2C)cc1OC,0,0
cid-90447086,N=C(/C=C\C(=N)C1=CC=CCN1)C1=CC=CCN1,0,0
cid-133206053,CCC(C(=O)NCc1ccc(CN2CCCCC2)cc1)N(c1ccc(F)c(Cl)c1)S(C)(=O)=O,0,0
cid-91045343,C=CCCCCC[C@H](C(=O)OC(C)(C)C)C(=O)N1Cc2ccc(Oc3cccc(Cl)c3)cc2CC1C(=O)N[C@]1(C(=O)OCC)C[C@H]1C=C,0,0
cid-50977015,COc1cc(-c2c(-c3ccccc3)ncn2CCF)cc(Cl)c1O,0,0
cid-167884372,Cn1cc(CC2CC(=O)N(Cc3nnc(C(F)F)s3)C2=O)cn1,0,0
cid-67547813,CC(C)OC(=O)c1cncn1C1CCCc2ccc(NCS(C)(=O)=O)cc21,0,0
cid-22178194,CCC(OC)C(C)(C)C#N,0,0
cid-62848317,CNc1ccc(S(=O)(=O)NCc2cnc(C)cn2)cc1,0,0
cid-822733,NNC(=O)CNC(=O)c1cccs1,0,0
cid-170832832,CC(C)(C)OC(=O)NCC(O)C(O)c1ccc([N+](=O)[O-])cc1C=O,0,0
cid-100292237,COC(=O)CCN1C(=S)N[C@@H](c2ccccn2)[C@H]1c1cc(C)n(C2CCCC2)c1C,0,0
cid-102745610,CC1(C)CN(C(=O)c2ccc(N)nc2)CC(C)(C)O1,0,0
cid-4969198,CC(NC(=S)NCCc1ccccc1)c1ccc(-c2ccccc2)cc1,0,0
cid-153537066,Cc1ccc2c(c1)Sc1cc(OC3CC(OC4CCN(C(=O)OC(C)(C)C)CC4)C3)ccc1N2,0,0
cid-66769118,CC1CCC(C2(CN)CCCC2)CC1,0,0
cid-121253674,Cc1ccc(S(=O)(=O)N2CCCC(Nc3ncc4nc(Nc5c(F)cc(F)cc5F)n(C5CCC(C(N)=O)CC5)c4n3)C2)cc1,0,0
cid-137416128,CC(C)c1ccc(N(I)c2cccc3c2sc2c(F)cccc23)cc1,0,0
cid-56053706,CCOC(=O)c1ccc(N2CCCN(C(=O)c3cccc(Cl)c3)CC2)nc1,0,0
cid-59417574,CC(=O)OC1(CC(=O)O)CC1,0,0
cid-106199746,Nc1cc(F)c(Br)cc1OCCC1CCC1,0,0
cid-167730644,O=C1CCC(N2Cc3cccc(CNC4C5CNC4C5)c3C2=O)C(=O)N1,0,0
cid-105394622,CCOC(c1ccccc1)C(O)c1cc(F)ccc1Cl,0,0
cid-112313190,O=C(CNc1ccccc1[N+](=O)[O-])N(CCO)C1CC1,0,0
cid-91705806,CCCCCCCCCCCOC(=O)C(CC)(CC)C(=O)Oc1c(Cl)cc(Cl)c2ccccc12,0,0
cid-9939411,COc1cc2cc(C(=O)N3CC(CCl)c4c3cc(NC(=O)OCc3ncn(C)c3[N+](=O)[O-])c3ccccc43)[nH]c2c(OC)c1OC,0,0
cid-124490104,COc1cc2c(cc1OC)[C@@H]1[C@H](C2)C[C@H]2CCCCN21,0,0
cid-63685215,CCCOCCOCCC(=O)Nc1ccccc1N,0,0
cid-105995733,CC(CC(=O)O)CC(=O)NC(=O)NCCC1CCCCO1,0,0
cid-170465681,Cc1cc(C#CCCBr)ccc1O,0,0
cid-118243054,CCCCCCCCCCC(O)CN(CCC)CCN1CCN(CCN)CC1,0,0
cid-10141844,O=C(O)CC(NC(=O)CNC(=O)CCCc1nc2ccccc2[nH]1)c1ccc(-c2cccc(F)c2)cc1,0,0
cid-42537649,C=C(C)COc1nc(-c2ccco2)c2c(c1C#N)CCC2,0,0
cid-162126025,CCOC(=O)c1cccc2nc(OCC)n(Cc3ccc(-c4ccccc4C#N)cc3)c12,0,0
cid-119661494,Cc1noc(C)c1CSCC(=O)N1CCC(OCCCN)CC1,0,0
cid-175393876,CCC(=O)OCC(CC)CC(CC)CC,0,0
cid-71454412,O=c1n([C@H]2CO[C@H](CO)O2)cc(F)c2nc(CO)cn12,0,0
cid-120013976,CN(C(=O)c1ccc(N)c([N+](=O)[O-])c1)C1CC2CCC(C1)N2,0,0
cid-136699805,C/C(=N\O)c1sc(-c2ccncc2)nc1-c1cccc(C(=O)O)c1,0,0
cid-64904927,CCCNC1CCC(Sc2cnn(C)c2)C1C,0,0
cid-120516364,CNC(=O)c1cccc(CCC(=O)N(CCC(=O)O)CC(C)C)c1,0,0
cid-140172473,CCCCCCC(=S)C#N,0,0
cid-112253713,CCNC(=NCc1nc(C)c(C)s1)NCC(C(C)C)N1CCN(C)CC1,0,0
cid-69788112,CN(C)C(C)(C)COC(=O)[C@H]1NC[C@H]2CCCC[C@@H]21,0,0
cid-64788902,Cc1ccc(C)c(CC(=O)Nc2ccc(O)cc2Cl)c1,0,0
cid-103517441,CC(C)C(C)S(=O)(=O)CCCOc1ccc(C#N)cc1,0,0
cid-17746140,Cc1ccccc1CS(=O)(=O)N1CCC(C(=O)NCc2ccc(Cl)cc2)CC1,0,0
cid-118503286,c1ccc(-c2cc(-c3ccccc3)nc(-n3c4ccc(-c5ccc6c(c5)c5cc(-c7ccc8oc9cc%10c(cc9c8c7)sc7ccccc7%10)ccc5n6-c5ccccc5)cc4c4cc5c(cc43)c3ccccc3n5-c3ccccc3)n2)cc1,0,0
cid-109159332,CCN(C(=O)c1ccc(NC2CCS(=O)(=O)C2)nc1)c1cccc(C)c1,0,0
cid-65861359,CC(=O)CCc1ccc(OCc2c(Cl)c(C)nn2C)cc1,0,0
cid-119617984,CSC(C)C(=O)Nc1cc2c(cc1N)OCO2,0,0
cid-91718366,CCCCCCCCCCCCCCCOC(=O)CCCCCC(=O)OCC(C)C,0,0
cid-72201614,CN(Cc1cc(C(F)(F)F)cc(Cl)c1O)c1ccc(C(=O)OC(C)(C)C)c(O)c1,0,0
cid-156538644,Cc1nc(N(c2ccccc2)C(C)c2cccc(C(F)(F)C(C)(C)O)c2F)c2cc3c(cc2n1)n(C)c(=O)c(=O)n3C,0,0
cid-60231619,CCN(Cc1ccccc1NC(=O)Cc1c[nH]c2cc(Cl)ccc12)C(=O)OC(C)(C)C,0,0
cid-121942326,CC1(C)CCC(CC(=O)NC2(C(=O)O)CCOCC2)CC1,0,0
cid-120770505,N[C@@H]1CN(Cc2cnc(-c3ccccc3)[nH]2)C[C@H]1c1ccccc1,0,0
cid-160537726,CCc1ccc(CP(=O)(c2ccccc2)c2ccccc2)cc1,0,0
cid-134892166,NC1=NC(Br)=CC2=C(CCCCC2)C1,0,0
cid-2664126,CCOCc1c(C(=O)Nc2ccc(C)c(Cl)c2)oc2ccccc12,0,0
cid-22381032,Cc1cc(C(=O)CO)ccc1O,0,0
cid-129646145,CN1C(=O)C2=NC=NC2=NC1(C)C,0,0
cid-73122581,O=C1C(=O)N(C2CCCCC2)C(c2ccc(Cl)cc2)C1=C(O)c1ccccc1,0,0
cid-6707983,CC(=O)NCCCCCC(=O)Nc1ccc([C@H]2O[C@@H](CSc3ccc(NC(C)=O)cc3)C[C@@H](c3ccc(CO)cc3)O2)cc1,0,0
cid-16952070,CCOc1ccc2nc(NC(=O)c3cc(C)n(C)n3)sc2c1,0,0
cid-79542172,CCCc1c(N)nnn1Cc1ncon1,0,0
cid-173622890,COC(=O)C(C)(C)C=CCO[Si](C)(C)C(C)(C)C,0,0
cid-83187635,Cc1cc(C(C)(C)C)ccc1Oc1ncc(CN)c(C)n1,0,0
cid-3450608,CCOC(=O)C1CCN(C(C)C(=O)Nc2c(C(=O)OC)[nH]c3ccc(C)cc23)CC1,0,0
cid-4083234,CCCCC(C)=NNC(=O)c1ccc(C(=O)NN=C(C)CCCC)cc1,0,0
cid-18196450,COc1ccc(C(=O)NC(=O)CN2CCN(CCOc3ccc(Cl)cc3)CC2)cc1,0,0
cid-171547887,Cc1cc(-c2cccc(Br)c2)nn1-c1ncnc2sccc12,0,0
cid-61751249,CC1CCC(N)C(CCCOCC(F)(F)F)C1,0,0
cid-43665433,COc1cccc(NC2CC(C)N(C)CC2C)c1,0,0
cid-53152801,Cc1cccc(Nc2nc(C)c(C(=O)Nc3cccc(Cl)c3F)s2)c1,0,0
cid-56556290,CC1CCN(c2ccc(NC(=O)C3CCCN(C(=O)c4ccc(F)cc4)C3)cc2)C1,0,0
cid-116958202,CNC(c1cccc(OC)c1)C1(C(=O)O)CC1,0,0
cid-116378361,Cc1cc(C(=O)NCc2ccoc2)sc1C#CCN,0,0
cid-42866218,CCN(CC)C(=O)c1csc(-c2ccc(OCc3ccc(F)cc3)cc2F)n1,0,0
cid-82219285,CCc1cccc(OCc2nn3c(C#N)c(C)nc3s2)c1,0,0
cid-162927555,C/C1=C\CC(C)(C)/C=C/C[C@](C)(O)CCC1,0,0
cid-161036753,O=C(Cc1ccc(Nc2ccnc(Cl)n2)cc1)Cc1ccc(OC(F)(F)F)cc1,0,0
cid-445908,OC1=CCCC=C1,0,0
cid-168535302,CC(Oc1ccc(C=NNC(N)=S)cc1Br)C(=O)O,0,0
cid-7815372,C[C@H]1CCCCN1CC(=O)Nc1cc([N+](=O)[O-])ccc1Cl,0,0
cid-56544666,CCc1ccc(-c2cc(NC(=O)c3ccc(NC(=O)C4CC4C)cc3)on2)cc1,0,0
cid-105420798,CCNc1cccc(NCC2(N(C)C)CCC2)c1[N+](=O)[O-],0,0
cid-80594605,O=C(Nc1ccc(F)cc1I)C1CCCCS1,0,0
cid-106650185,CC(C1CC1)C(NN)C1=CCCCCC1,0,0
cid-81857463,Cc1nc(N(C)CCS(C)(=O)=O)ccc1C(=O)O,0,0
cid-53120767,CC1(C(=O)NCc2ccccc2)Cc2ccccc2C(=O)N1Cc1cc(F)cc(F)c1,0,0
cid-69008258,CCCS(=O)(=O)c1ccc(NC(=O)c2cnc3c(cnn3CC)c2NC2CCOCC2)cc1,0,0
cid-146235981,CCCCN(Cc1cccs1)C(=O)OCC(CCCCNC(=O)OCc1ccccc1)NC(=O)OC(C)(C)C,0,0
cid-125907910,O=C1/C(=C\c2cc(Br)c(OCc3cccc([N+](=O)[O-])c3)c(Br)c2)SC(=S)N1c1ccccc1,0,0
cid-68151619,COc1ccc2nccc([C@@H](O)CC[C@@H]3CCN(C4CC(c5cccc(OC)c5F)C4)C[C@@H]3C(=O)O)c2c1,0,0
cid-5410493,Cc1ccc(C(=O)/C(C#N)=N/Nc2ccc(Cl)cc2Cl)cc1,0,0
cid-133756789,CC(C)Cn1nnnc1SC(C)C(=O)NCc1cccs1,0,0
cid-169774850,COC(=O)c1cc(C#N)cn1Cc1ccnc(F)c1,0,0
cid-4358739,CCCCN1CC(=O)N2C(Cc3c([nH]c4ccccc34)C2c2ccc(OC)cc2OC)C1=O,0,0
cid-115577003,CNC(=S)NCCc1cccc2cccnc12,0,0
cid-117634104,C=C/C(C)=C\C(=C/CC(F)(F)F)C(F)(F)F,0,0
cid-172451209,COc1cccc(NNC(=O)c2cnccn2)c1,0,0
cid-156332789,C[C@@H]1CN(c2ccc(C#N)n3ncc(F)c23)C[C@@H]2CCN(Cc3ncc(N4C[C@@H](N)[C@@H](C)C4)cc3F)CCN21,0,0
cid-42676846,CCCN(CC(=O)Nc1ccc(N2CCN(C(=O)c3ccccc3F)CC2)cc1)S(=O)(=O)c1ccc(Cl)cc1,0,0
cid-97428247,O=S(=O)(Nc1cnn([C@@H]2CCOC2)c1)c1cccc(C(F)(F)F)c1,0,0
cid-163386307,CC(=O)CN(C)C(=O)CN(C)C(=O)CN(C)C(=O)CN(C)C(=O)CN(C)C,0,0
cid-56066968,O=C(Nc1cccc(Cn2nc3ccccn3c2=O)c1)NC1(c2cccc(Br)c2)CCC1,0,0
cid-11224132,O=c1oc2cc(O)ccc2c2c1CN(Cc1ccc([123I])cc1)CC2,0,0
cid-43303877,Nc1ccc(SCc2ccc(Cl)cc2)c(F)c1,0,0
cid-54588961,CC(C)C[C@H](NC(=O)[C@@H](N)CC(=O)O)C(=O)N1CCC[C@H]1C(=O)N[C@@H](CC(N)=O)C(=O)N[C@@H](Cc1ccc(O)cc1)C(=O)N[C@@H](CC(N)=O)C(=O)N[C@@H](Cc1c[nH]c2ccccc12)C(=O)N[C@@H](CC(N)=O)C(=O)N[C@@H](CO)C(=O)N[C@@H](Cc1ccccc1)C(=O)O,0,0
cid-100300395,C[C@H](C(=O)NC1CCCC1)N(Cc1ccccc1)C(=O)CN(c1ccc(Br)cc1)S(C)(=O)=O,0,0
cid-1399655,Cc1ccc(C(=O)Nc2nn(CC(C)C)c3nc4c(C)cccc4cc23)cc1,0,0
cid-143510470,COc1ccc2c(c1)C(=O)N(C[C@@]1(c3cnn(C(C)(C)C)c3)NC(=O)NCC1=O)C2,0,0
cid-88914118,C=C(C)/C(CC(=O)O)=C(/C)N(N)Cc1ccc(NC(=O)c2ccc(C)cc2C(F)(F)F)cc1,0,0
cid-130123484,CCC(O)C#Cc1cccc(C)c1,0,0
cid-61301752,NCCCS(=O)c1ccc(Br)cc1,0,0
cid-130710517,Cc1cccc(OCCC#N)c1Cl,0,0
cid-25180733,C=CCNC(CCCCC)(CC(=O)OC(C)C)C(=O)NC1CCCCC1,0,0
cid-156230916,CCN(CCNCCN)CCN(C)CCN,0,0
cid-106117241,CCCC(CCCl)CNCC1Cc2ccccc2S1,0,0
cid-133999550,Cc1cccc(C(=O)NNC(=O)C2CC(c3ccccc3)NN2)n1,0,0
cid-37205184,CN(C)C(=O)N1CCN(CC(=O)NCCN2C(=O)S/C(=C\c3ccccc3F)C2=O)CC1,0,0
cid-39199939,Cc1ccc(/C=C/C(=O)Oc2ccccc2C=O)cc1,0,0
cid-8132139,Cc1cc(NC(=O)[C@H](C)SCC(=O)NNC(=O)COc2c(C)cccc2C)no1,0,0
cid-92150995,COc1ccc2c(c1)[C@H]1OCCN[C@H]1CC2,0,0
cid-81443334,CCCc1ccccc1NC(=O)c1ccncc1O,0,0
cid-19528491,Cc1nn(C(C)C(=O)NCCO)c(C)c1[N+](=O)[O-],0,0
cid-141085509,COc1c(C(=O)OCCc2ccccc2)cc(C(=O)OCc2ccccc2)c(C(=O)OCc2ccccc2)c1C(=O)OCCCl,0,0
cid-43008381,O=C(NC(c1ccccc1)c1ccccn1)c1cccnc1,0,0
cid-166412798,C=CC(=O)N1CCC(C(=O)N2CC=C(c3cc(C)c(N)c([N+](=O)[O-])c3)CC2)CC1,0,0
cid-90699866,C=CC(C)CCC(C)=CCOCCC(C)C,0,0
cid-112835942,CCN(CC)CCOc1ccccc1CNC(=O)N(C)C1CCCC(C)C1,0,0
cid-78987763,COc1cc(Br)ccc1C(=O)N1CC2CCC1C2,0,0
cid-17882663,CN(C)C(C)(OP)N(C)C,0,0
cid-46095693,COc1cc2c(cc1OC)C(c1ccccc1Cl)N(C(=O)c1ccc(Cl)cc1)CC2,0,0
cid-121612062,CCOc1ccc(NC(=O)C2CSCN2)c(C)c1,0,0
cid-121266002,Nc1ncnc2ccc(-c3cncc(C(=O)O)c3)cc12,0,0
cid-19620741,NCCn1ccc(C(F)(F)F)n1,0,0
cid-71536206,CC(C)n1nc(-c2nnc(C3CCN(CC4CCC4)CC3)o2)c2ccccc21,0,0
cid-135532384,COc1cc(-c2[nH][nH]c(=O)c2N=Nc2cc(C)[nH]n2)cc(OC)c1OC,0,0
cid-100319022,CC(C)(C)c1ccc(OCCNC(=O)CN(c2cccc(F)c2)S(C)(=O)=O)cc1,0,0
cid-1957600,Cc1occc1C(=O)NNC(=O)c1ccc(Cn2cc([N+](=O)[O-])cn2)o1,0,0
cid-132164164,COC(=O)c1cccc(C(=O)Nc2nc(-c3nccs3)c(C#N)s2)c1,0,0
cid-153285692,c1ccc(-c2cccc(-n3c4ccc(-c5ccncc5)cc4c4ccc(-c5nc6ccc(-c7ccncc7)cc6s5)cc43)c2)nc1,0,0
cid-27474347,CCN1CCC(NC(=O)[C@@H]2CC=CC[C@@H]2C(=O)O)CC1,0,0
cid-58887927,CC(C)C[C@H]1C(=O)N(CC2CCCO2)C[C@H]2N1C(=O)CN(C)N2C(=O)NCc1ccccc1,0,0
cid-16640939,CN(C)Cc1ccccc1Sc1ccc(C(F)(F)F)cc1,0,0
cid-43098951,CC(C)(C)CC(=O)Nc1c(Cl)cc(S(=O)(=O)Cl)cc1Cl,0,0
cid-55374422,O=C(/C=C/c1ccsc1)Nc1ccc(Cl)c([N+](=O)[O-])c1,0,0
cid-8503161,COc1cc(CC(=O)N(C)CC(=O)Nc2ccc(F)cc2)cc(OC)c1OC,0,0
cid-145332272,O=C(Cc1ccccc1F)N1C2CCC1CNC2,0,0
cid-118104613,c1ccc(-c2cc(-n3c4ncccc4c4c5ccccc5oc43)cc(-c3ccccn3)n2)nc1,0,0
cid-5187,O=C(Nc1nc2ccccc2[nH]1)c1cccc(CN2C(=O)N(Cc3cccc(C(=O)Nc4nc5ccccc5[nH]4)c3)C(Cc3ccccc3)C(O)C(O)C2Cc2ccccc2)c1,0,0
cid-53791376,CCCCCCCCCCCCCCCCC=C[N+](C)(C)[O-],0,0
cid-112820314,O=C(Cn1c(=O)[nH]c2ccccc2c1=O)N1CCN(c2ncnc3sccc23)CC1,0,0
cid-114754658,Cc1ccccc1C(=O)c1cc(C)c2ccccc2n1,0,0
cid-108426263,COC(=O)C(C)(NCCCN=[N+]=[N-])c1nccnc1C,0,0
cid-80641387,CN(Cc1csc(C#CCO)c1)C(=O)c1sccc1Cl,0,0
cid-9461394,COc1ccc(CCN(C)[C@@H](C)C(=O)Nc2ccc(C)c(F)c2)cc1OC,0,0
cid-136673009,O=C(O)c1ccc2[nH]c(-c3ccc(Oc4ccc(-c5nc6cc(C(=O)O)ccc6[nH]5)cc4)cc3)nc2c1,0,0
cid-82901055,CN(C)S(=O)(=O)c1ccc(N)c(Sc2ccncc2)c1,0,0
cid-93291521,Cc1ccc([C@H]2c3cc(O[C@H](C)C(=O)NCC(C)C)ccc3CCN2C(=O)C2CC2)cc1,0,0
cid-42427606,CCC(=O)Nc1ccc(NC(=O)[C@H](C)Oc2ccccc2C)cc1,0,0
cid-17012575,Cc1c(C(=O)NCC2(N3CCN(C)CC3)CCCCC2)oc2ccc(Br)cc12,0,0
cid-20896686,CCc1ccccc1NC(=O)C1=Cc2cc(OC)ccc2OC=C1,0,0
cid-101425092,COc1cc(C=CC(=[OH+])OC[C@H]2O[C@@H](Oc3cc4c(O[C@@H]5O[C@H](COC(=O)CC(=O)O)[C@@H](O[C@@H]6O[C@H](CO)[C@@H](O)[C@H](O)[C@H]6O)[C@H](O)[C@H]5O)cc(=O)cc-4oc3-c3ccc(O)cc3)[C@H](O[C@@H]3O[C@H](CO)[C@@H](O)[C@H](O)[C@H]3O)[C@@H](O)[C@@H]2O)ccc1O,1,0
cid-122527898,CC1(C)c2ccccc2-c2cc3c4cc5c6ccccc6c6ccccc6c5cc4n(-c4cccnc4)c3cc21,0,0
cid-92880067,O=C(N[C@@H](c1ccccc1)c1nnc(-c2ccccc2)o1)c1ccccc1F,0,0
cid-106161802,COCC(CCO)Nc1ccc([N+](=O)[O-])cc1C(=O)O,0,0
cid-61383950,CCCS(=O)(=O)N(C)Cc1nc2ccccc2s1,0,0
cid-89784979,O=c1[nH]c(=O)n(Cc2ccccc2O)c2c1C1(CCNCC1)OC2,0,0
cid-24065208,C=CCN(C)C(=O)[C@H]1[C@@H]2OC3(CC2Br)C(C(=O)N(CC=C)c2c(C)cccc2C)N([C@@H](CC)CO)C(=O)[C@H]13,0,0
cid-153745242,CS(=O)C(Cn1cncn1)c1ccc(Cl)cc1,0,0
cid-43349677,Nc1cccc(Br)c1CN1CCSCC1,0,0
cid-167304578,CCc1cnccc1CNC(=O)c1cccc(NCc2nnc(-c3ccncn3)n2CCNCCCN2CCN(C)CC2)c1,0,0
cid-145328460,C=[P@@]1(N[C@H](C(=O)OCCc2ccccc2)C(C)C)OCC(C)(C)[C@H](C(=O)NCCC(=O)OC(C)(C)C)O1,0,0
cid-107633564,Cc1c(Br)cccc1Nc1ccc(N)cc1Br,0,0
cid-56363193,COc1ccc(-c2nn(CN3CCC(C(=O)NC(C)C(C)C)CC3)c(=S)o2)cc1,0,0
cid-73259220,CC1NNC2C(=O)N(CCc3c[nH]c4ccccc34)C(c3ccccc3Cl)C12,0,0
cid-169998382,CCc1cccc2cc(O)cc(-c3c(F)cc4c(N5CC6CCC(C5)N6)nc(OCCCN5C6CC[C@@H]5CC(OC)C6)nc4c3F)c12,0,0
cid-82130994,Cc1cccc(Nc2nc(C)c(CCN)s2)c1,0,0
cid-59954432,CC[C@@H]1CC[C@@H](C(C)C)C1,0,0
cid-123904960,CC1CCC(C(=O)Cn2ncnn2)CCCC2C1CCC1CC(O)(C(F)F)CCC12,0,0
cid-110094779,CC(=O)NCc1ccc(C2CCCN2C(=O)Cc2ccccc2F)nc1,0,0
cid-69942286,CC(=O)C(C(=O)[C@H]1CCCN1)N1C(=O)C(NC(=O)Nc2cccc(C)c2)N=C(c2ccccc2)c2ccccc21,0,0
cid-139819641,COc1cc(O)c2c(C(C)NC(=O)C(F)(F)F)c[nH]c2c1,0,0
cid-145803217,CC(COc1ccccc1CCc1ccccc1)OC(=O)C(CC(=O)O)N1CCC(C(N)=O)CC1,0,0
cid-19893602,CCCCCCCCC1(N(C(N)=O)C2(C(CNC(=O)C3OC(C)(C)OCC3(C)C)C(=O)[O-])CCCCC2)CCCCC1,-1,0
cid-142479784,C[C@H](O)c1nccn1Cc1cc(C#Cc2ccc(O)cc2)on1,0,0
cid-23954079,C=CCN(C(=O)[C@H]1[C@H]2C(=O)N([C@H](C)CO)C(C(=O)N(CC=C)C(C)(C)C)C23CC(C)[C@]1(C)O3)c1ccccc1,0,0
cid-68377589,CC(C)CNc1cc(-c2nc(C(=O)Nc3cn(CC(C)C)nc3C(N)=O)co2)ccn1,0,0
cid-144680979,CCCCCCSNC(=O)c1ccc(CSCc2ccc(-c3ccc(OC)cc3)cc2)cc1,0,0
cid-25107129,COc1ccc(C(=O)O)cc1NCC=C(C)C,0,0
cid-15619955,CC(=O)Oc1c(C)ncc(CO)c1C,0,0
cid-170722046,Cc1ccc2[nH]c3c(=O)n(CCC(=O)N4CCN(c5cccc(N)c5)CC4)cnc3c2c1,0,0
cid-45785146,CC1(C)CC(=O)C2=C(C1)c1ccc3ccccc3c1NC2c1cccc([N+](=O)[O-])c1,0,0
cid-169332447,Cc1ccc(C(=O)NCC(C)C)cc1-c1ccc(C=O)o1,0,0
cid-80705678,CC1(C)CCC(Nn2cccc2)C1,0,0
cid-56870871,NC(=O)N1CCCC1C(=O)NCc1ccc2[nH]c3c(c2c1)CCCCCC3,0,0
cid-96374521,O=C([C@H]1[C@@H]2C=C[C@@]3(CN(c4ccc(F)cc4)C(=O)[C@H]13)O2)N1CCCn2cncc2C1,0,0
cid-863870,Cc1cc2ncn(CC(=O)Nc3ccccc3C)c2cc1C,0,0
cid-122516413,COc1ccc(C2=C(c3cccc(F)c3)C(=O)NC2=O)cc1F,0,0
cid-79824830,CC(C)CC1(Cc2nccs2)CCCN1,0,0
cid-80389734,CC(C)(CCC(=O)O)NC(=O)Cc1ccc(F)cc1F,0,0
cid-112086480,CCNC(=NCc1nc(-c2ccco2)n[nH]1)NCC(c1ccc(Cl)cc1)n1cccn1,0,0
cid-91053496,COc1cccc(F)c1C(=O)c1ncc(C)cc1C(NS(=O)(=O)c1ccc(Cl)c(C(F)(F)F)c1)OC,0,0
cid-82017238,CC(CCC(=O)O)CNC(=O)c1nn[nH]n1,0,0
cid-166881557,C=C(F)C(=O)N1CC=C(/C=C(\F)C(=O)N2C(=O)C=CC2=O)C1,0,0
cid-55315862,CCN(CC)S(=O)(=O)c1cc(C(=O)OCC(=O)Nc2ccc(C(C)(C)C)cc2)ccc1F,0,0
cid-62190882,CCCNc1nc(Cc2ccccc2F)nc2c1CCC2,0,0
cid-4852114,O=C(NNC(=O)c1ccc2c(c1)OCO2)c1ccc(CSc2nc3ccccc3s2)cc1,0,0
cid-79709646,CC(C)C(O)CCc1cc(F)cc(Br)c1,0,0
cid-119785426,CCCC(C)(N)C(=O)NCC1CC1(C)C,0,0
cid-73446979,CC(=O)NC1CCC(=O)N2CCCC(C(=O)NC(CC(=O)OC(C)(C)C)C(=O)C=[N+]=[N-])N2C1=O,0,0
cid-81424922,CC1COCCN1C(=O)c1ccc(Br)c(C(F)(F)F)c1,0,0
cid-56005186,CNC(=O)COc1ccc(C(=O)N2CCC(c3c[nH]c4ccccc34)CC2)cc1OC,0,0
cid-97823207,CC(=O)Nc1ccccc1CN1CCC(OC[C@@H]2CCOC2)CC1,0,0
cid-26182018,CC1(C)CC(=O)C2=C(C1)Nc1ccccc1N(CC(=O)NCc1ccco1)[C@@H]2c1cccs1,0,0
cid-151318251,c1ccc(N2NCCC3(CCCCC3)N2c2cccc3c2Cc2ccccc2-3)cc1,0,0
cid-163274928,COc1cc(C)c2c(C)ncnc2c1,0,0
cid-111503292,CCNC(=NCC(C)Oc1cccc(F)c1)N1CCC(O)CC1,0,0
cid-81958719,CC(C)(C)CCC(=O)C1COc2ccccc21,0,0
cid-145966089,O=C(/C(=C/c1ccc(C(F)(F)F)cc1)c1ccccc1)N1CCN(c2ncccn2)CC1,0,0
cid-134981850,CCCCCC1c2cc3c4c(C)c2Oc2cc([N+](=O)[O-])c([N+](=O)[O-])cc2Oc2c1cc1c(c2C)Oc2cc([N+](=O)[O-])c([N+](=O)[O-])cc2Oc2c(cc5c(c2C)Oc2cc([N+](=O)[O-])c([N+](=O)[O-])cc2Oc2c(cc(c(c2C)Oc2cc([N+](=O)[O-])c([N+](=O)[O-])cc2O4)C3CCCCC)C5CCCCC)C1CCCCC,0,0
cid-63287661,COCCN(CCC#N)C1CCCCCC1C#N,0,0
cid-92336188,Cc1cccc(N2CCN(C(=O)CCS(=O)(=O)c3ccc4c(c3)CC(=O)N4C)C[C@@H]2C)c1,0,0
cid-26136549,COc1ccc(CN2CC(=O)N(CC3CCOCC3)C[C@@H](OCc3ccncc3)C2)c(F)c1,0,0
cid-16746033,CN1C(C(=O)NCc2cccc(Br)c2)CC2Cn3c(nc4cc(Cl)c(Cl)cc43)C21,0,0
cid-174739954,CC(CC=N)c1ccc(CN)cc1,0,0
cid-140911921,COc1ccc(CCC2(O)CCN(C(=O)COc3ccccc3-c3ccccc3)CC2)cc1,0,0
cid-174248950,C[C@@](O)(CC[S@@](=N)(=O)CC[C@H](N)C(=O)O)C(F)(F)F,0,0
cid-118608438,Cc1nccc(-c2nc(C(=O)Nc3cc4c(cnn4C)cc3N3CC[C@H](O)C3)co2)n1,0,0
cid-67277472,COc1cccc2c1S(O)(O)[C@@H](C)[C@H](c1ccc(OCCCN3CCCCC3)cc1)O2,0,0
cid-21657286,FC(F)=C1CC1(F)Cl,0,0
cid-8500432,O=C(NNS(=O)(=O)c1ccccc1F)c1ccc(Cl)cc1,0,0
cid-120977201,CCCOc1ccc(Oc2ncccc2CNC(=O)C2CCC2C(=O)O)cc1,0,0
cid-126326406,CCOc1cc(C=Nn2c([C@@H](C)CC)nc3ccc(Br)cc3c2=O)cc([N+](=O)[O-])c1O[C@H](C)C(=O)O,0,0
cid-65090471,Cc1ccccc1NC1(CO)CCCC(C(C)C)CC1,0,0
cid-107298336,CNC1CC2CCCC(C1)N2CC1CCSC1,0,0
cid-133664551,C/C(=C\COC=O)CO,0,0
cid-54340716,C=Cc1cccc(CCC2CO2)c1,0,0
cid-163358017,c1cc2sc(N3CCCC(COc4nccs4)C3)nc2cn1,0,0
cid-125723070,CCOc1cc(/C=N\NC(=O)c2ccc(I)cc2)cc(Br)c1OCc1cccc(C#N)c1,0,0
cid-105579691,C[C@@H]1CN(C(=O)c2ccc3c(c2)CCCN3)C[C@H]1C(=O)O,0,0
cid-177579841,CCC1OC(=O)[C@H](C)C(=O)[C@H](C)[C@@H](O[C@@H]2O[C@H](C)C[C@H](N(C)C)[C@H]2O)[C@](C)(OC/C=C/c2cnc3cccnc3c2)C[C@@H](C)C(=O)[C@H](C)[C@H]2NC(=O)O[C@]12C,0,0
cid-133309882,N#Cc1cccc(NC2CCN(c3ccccc3Br)C2)n1,0,0
cid-3592440,COc1ccc(CCNC(=S)N2CCN(c3cc(C)ccc3C)CC2)cc1OC,0,0
cid-54232790,CCOC(=O)N(CC=O)CC=CCl,0,0
cid-40103471,COc1ccc(C(=O)Nc2ccc(C(=O)NC3CC3)cc2)cc1S(=O)(=O)N1C[C@@H](C)C[C@H](C)C1,0,0
cid-143675265,CC(c1ccccc1)(c1ccc(O)cc1)c1ccc(Br)cc1,0,0
cid-68379607,O=C(O)Nc1ncsc1I,0,0
cid-55924046,CCCc1c(C(=O)NCc2cccc(C(=O)NCc3ccco3)c2)[nH]c(C)c1C(=O)OC,0,0
cid-177127616,c1cc(-c2cccc3c2-c2ccccc2C32C3CC4CC(C3)CC2C4)cc(-c2ccc3c4c(cccc24)-c2ccccc2S3)c1,0,0
cid-47601794,CS(=O)(=O)N(C(=O)c1cc2ccccc2s1)c1cccc(O)c1,0,0
cid-145746381,CC(C)N1CCc2cc(C3=C(O)C(=c4cc5c(cc4CF)=[N+](C(C)C)CC5)C3=O)c(CF)cc21,1,0
cid-117020139,COc1ccc(C)cc1N1CCC(N)CC1(C)C,0,0
cid-58143133,CC(F)(F)C(=O)OCCCC(=O)OC1(C)C2CC3CC(C2)CC1C3,0,0
cid-1692528,CCOc1ccc(-c2c(C)sc(NC(=O)/C(C#N)=C/c3ccc(OC)cc3)c2C(=O)OC)cc1,0,0
cid-114922417,Nc1cc(C(=O)NCc2ccc([N+](=O)[O-])cc2)c(Cl)cn1,0,0
cid-101577719,C=C[C@@H]1CCc2ccccc2/C1=C/C,0,0
cid-97954192,COc1ccc(/C(C)=N/OCc2nc3c4c(ncn3n2)Oc2c(c(C)nn2-c2ccccc2)[C@H]4c2ccccc2)cc1,0,0
cid-5258565,CCOc1ccc(-c2cc(-c3ccco3)c(C#N)c(N)n2)cc1,0,0
cid-167816657,COc1ccc(Oc2ccc(C(=O)N3C[C@@]4(CO)C[C@@]4(CO)C3)nc2)cc1,0,0
cid-67082799,O=S(c1cccc2sc3ccccc3c12)c1cccc2sc3ccccc3c12,0,0
cid-119441578,CN(C(=O)CCc1cnn(-c2ccccc2)c1)C1CCNCC1,0,0
cid-144490126,c1ccc(-n2c3ccccc3oc3c2ccc2oc4ccccc4n(-c4ccccc4)c23)cc1,0,0
cid-70022111,CCCOC(C1CCC(N(C)S(=O)(=O)c2ccc(C(F)(F)F)cc2)CC1)C1CCCNC1,0,0
cid-20182301,CCC(C)c1ccc(OCC(=O)Nc2ccc3ccccc3c2)cc1,0,0
cid-115808168,CCCn1cc(C(N)c2ccc(Br)c(C)c2)cn1,0,0
cid-117981517,COc1cc(OCc2csc(N3CCC(F)(F)CC3)n2)c2cc(-c3cn4nc(C)ccc4n3)oc2c1,0,0
cid-171173064,COc1cc(F)c([C@@H](CC(C)C)N2CCNCC2)c(F)c1,0,0
cid-114790508,Cc1cc(SCc2ccc(Cl)cc2)c(C(=N)N)c(C)n1,0,0
cid-129989644,CN(C)c1cccc2ccc(C(=O)O)cc12,0,0
cid-122332453,COc1cc(N2CCN(S(=O)(=O)CCOc3ccccc3)CC2)nc(C)n1,0,0
cid-94855744,COC(=O)[C@]12CCC(C)(C)C[C@@H]1C1=CC[C@@H]3[C@@]4(C)CC/C(=N/OC(=O)C[C@@H]5SC(=O)NC5=O)C(C)(C)[C@H]4CC[C@@]3(C)[C@]1(C)CC2,0,0
cid-53561825,CC1CCCN(CCNC(=O)c2cccnc2Oc2cccnc2)C1,0,0
cid-4422816,CCn1c(SCc2nc3sc4c(c3c(=O)[nH]2)CCC4)nnc1-c1ccc(Cl)cc1,0,0
cid-33317977,COc1ccc2nc(C(=O)N3CCN(CC(=O)Nc4ccccc4Cl)CC3)ccc2c1,0,0
cid-22468241,CCCCCCCC(C)OC(=O)C(CC)(CC)C(=O)O,0,0
cid-87526784,CCN(C(=O)C1CC1)C(C)(CC)c1cc(C(F)(F)F)ccc1-c1cc(C(C)C(=O)O)cc(C(F)(F)F)c1,0,0
cid-73927846,COC(=O)[C@@H](Cc1ccc2ccccc2c1)NC(=O)[C@@H](Cc1ccccc1)NC(C)=O,0,0
cid-2964166,CN1CCN(S(=O)(=O)c2ccc(NC(=S)NC(=O)c3ccc(-c4ccccc4)cc3)cc2)CC1,0,0
cid-106653242,CCCNC(C1=CCCCC1)c1ncn[nH]1,0,0
cid-50888832,CC1=NOC(=O)/C1=C\c1ccc(-c2cccc(C(=O)OCC(C)C)c2)o1,0,0
cid-71375504,COc1cc(COc2ccc(C=O)cc2)cc(OC)c1OC,0,0
cid-62081752,Cc1[nH]nc(C(=O)N(C)CC(F)(F)F)c1N,0,0
cid-109003653,CCOC(=O)N1CCC(NCC(=O)Nc2ccccc2C(F)(F)F)CC1,0,0
cid-9664007,COc1cc(/C=N/NC(=O)COc2ccccc2[N+](=O)[O-])ccc1OC(=O)c1ccc(C)cc1,0,0
cid-71515098,O=C(NCCSSCCNC(=O)/C(Cc1c[nH]c2ccc(F)cc12)=N/OC(c1ccccc1)(c1ccccc1)c1ccccc1)/C(Cc1c[nH]c2ccc(F)cc12)=N/OC(c1ccccc1)(c1ccccc1)c1ccccc1,0,0
cid-100140529,CN1C(=S)N[C@@H](c2ccccn2)[C@@H]1c1ccn(C)c1,0,0
cid-8050483,CCCN(Cc1cc(NC(=O)C2CCCC2)ccc1N(C)C)C(=O)c1ccco1,0,0
cid-22594075,Cc1ccc(NC(=O)c2cc(F)cc(N3CCOCC3)c2)cc1Nc1ccnc(OCc2ccco2)n1,0,0
cid-29843374,CCCCNC(=O)c1cccc(S(=O)(=O)NCc2cccs2)c1,0,0
cid-155094343,CCCC(=O)OCC(=O)OC1C2OC3C1OS(=O)(=O)C3C2C,0,0
cid-8218207,Cc1cc(Cl)cc(C)c1OCC(=O)O[C@H](C)c1nnc(-c2ccc(F)cc2)o1,0,0
cid-111278730,CCNC(=NCc1ccc(Cn2ccnc2)cc1)NCCCn1nc(C)cc1C,0,0
cid-118628153,CCc1cc(CC2CCc3cccc(O)c32)ccc1C1CCN(C(=O)O)CC1,0,0
cid-101431694,COc1ccc([C@@H](CC(=O)c2ccccc2)n2nnc3ccccc32)cc1,0,0
cid-104470117,CC(C)c1cnc(Cc2ccc(Br)cc2)s1,0,0
cid-165810482,C=CCC(NC(=O)OCC1c2ccccc2-c2ccccc21)C(=O)NC(CCN(C)C)C(=O)O,0,0
cid-171893112,OC(CCBr)C(O)c1cc(F)ncc1Cl,0,0
cid-55626153,CN(C1CCCCC1)S(=O)(=O)N1CCN(CC(=O)Nc2ccccc2SC(F)F)CC1,0,0
cid-11462354,C=C(C(C)=O)C(C(=C)C(=O)OCCCC)c1ccc(C(F)(F)F)cc1,0,0
cid-4009460,C=CCN(Cc1cccn1Cc1cccc(F)c1)C(=O)c1ccccc1F,0,0
cid-68101789,CCc1cnc(-c2c[nH]c3ncc(Cl)cc23)nc1N[C@H](C)C(=O)N1CCN(C(=O)OC)CC1,0,0
cid-69673482,NC(=O)c1cc(OC2CCN(C(=O)O)CC2)nc(C(F)(F)F)c1,0,0
cid-119745184,COC1(C(=O)Nc2nnc(-c3cccc(Cl)c3)s2)CCNCC1,0,0
cid-129752246,c1cc2nncc3ccc4nncc1c4c32,0,0
cid-130233929,C(#Cc1ccccc1/C=C/Nc1ccccc1)c1ccccc1,0,0
cid-175862572,CNC(=O)N1CCc2c(c(N3CCCc4cc(-c5cnn(CCNC(=O)CCCCNc6ccc7c(c6)C(=O)N(C6CCC(=O)NC6=O)C7=O)c5)c(C(F)F)cc43)nn2C2CCOCC2)C1,0,0
cid-89190133,C=CC(C)(C)COC(=O)N[C@H](C(=O)O)C(C)(C)C,0,0
cid-174360051,N#CCNCOCc1ccc(-c2nc(Nc3cnn(C4CC4)c3)ncc2Cl)cc1,0,0
cid-140401568,CCCN(Cc1ccc(C)cc1)C(=O)N1C(=O)C(CC)(CC)C1Oc1ccc(CNC(=O)Cc2cccnc2)cc1,0,0
cid-62232690,CNc1cccc(C(=O)NCCn2cccn2)n1,0,0
cid-112250567,CCNC(=NCC(C)Cn1cccn1)NCCc1ncc(C)s1,0,0
cid-168272105,Cn1cncc1S(=O)(=O)N[C@H]1CC[C@@]2(C)C(=CC[C@@H]3[C@@H]2CC[C@]2(C)C(n4cnc5ccccc54)=CC[C@@H]32)C1,0,0
cid-157519150,CC(C)C1CCC(Oc2ccc(-c3cccc(CCCC(=O)O)c3F)cc2)CC1,0,0
cid-80684568,Cc1ccc(C(N)C2(C)CCCCO2)cc1C,0,0
cid-47049282,Cc1csc2nc(CN3CCC(C(=O)Nc4nccs4)CC3)cc(=O)n12,0,0
cid-114662236,CN(C)CCn1ncc(Br)c1CC1CCCCN1,0,0
cid-25103035,Cc1cc2c(F)c(Oc3ccnc(Nc4cccc(CN5CCC(O)CC5)c4)n3)ccc2[nH]1,0,0
cid-35980594,COC(=O)c1cc(CN(C)Cn2[nH]c(-c3ccc(OC)cc3)nc2=S)oc1C,0,0
cid-162956655,CC1OC(OC2C(O)C(CO)OC(O)C2OCCc2ccc(O)c(O)c2)C(O)C(O)C1O,0,0
cid-89506545,CNc1nc(N)nc(N(C)CCc2ccccc2)n1,0,0
cid-83683149,Cc1cccc(C2(C(C)O)CC2)c1,0,0
cid-90781591,CC(C)CC(NC(=O)C(C)NC(=O)CC1CCCN1C(=O)C(C)N)C(=O)CCl,0,0
cid-79236189,Cc1noc(C)c1CNC(=O)C1(C)CCNC1,0,0
cid-107280879,CC(C)CC(C)(CN)Nc1ccc(C(N)=O)c(Br)c1,0,0
cid-68806933,CNCC1CC(C(=O)Nc2ccc(N3CCCCC3=O)cc2F)N(C(=O)Nc2ccc(Cl)cc2)C1,0,0
cid-107004240,CCCNC(c1ccccc1F)C1CC1(C)C,0,0
cid-4045553,COc1ccc(NC(=O)NC(C)c2nnc(SCc3ccccc3)n2-c2ccc(C)cc2)cc1,0,0
cid-153840033,CC(CC=CC(C)(O)C(F)(F)F)CCCC(C)(C)O,0,0
cid-80602970,CCC(C)n1ccc(CC2(CN)CCCCCCC2)n1,0,0
cid-99811065,C[C@@H]1CCC[C@@H](C)N(C(=O)c2cc(-c3ccccc3)n[nH]2)C1,0,0
cid-11353442,COc1cc2ncc(C#N)c(Nc3ccc(NC(=O)c4cccnc4)c(Cl)c3)c2cc1NC(=O)/C=C/CN(C)C,0,0
cid-102287490,CCOC(=O)C(=C/N(C)C)/C(=C1\NC(=O)N(C)C1=O)C(F)(F)F,0,0
cid-76328740,COc1ccccc1-c1cnc2nc(-c3cc(NC(=O)N4CCCC4)ccc3F)[nH]c2c1,0,0
cid-161170509,CC1CC2(NC(=O)COc3ccc(Cl)c(F)c3)CCC1(NC(=O)c1ccno1)CC2,0,0
cid-64445717,Cc1[nH]ncc1C(=O)Nc1ccccc1C(=O)O,0,0
cid-133921667,COCc1cccc(NC(=O)c2n[nH]c3ccc([N+](=O)[O-])cc23)c1,0,0
cid-135564254,CNc1ccc(OCCCCCCCOc2ccc(NC)cc2)cc1,0,0
cid-54383764,Cc1cc2oc(=O)c(NC(=O)Nc3cccc(C(F)(F)F)c3)c(-c3ccccc3C)c2cc1Cl,0,0
cid-103864740,COc1cccc(OC)c1C(=O)NCCCC(C)CO,0,0
cid-83132856,Cc1cc(OCc2cn3ccsc3n2)ccc1Br,0,0
cid-146171503,O=C1c2cc(Cl)ccc2NC1(c1ccccc1)c1c[nH]c2cccc(Br)c12,0,0
cid-141126900,C#CC1CC(CN2CCCCC2)C(=O)N1C,0,0
cid-167343153,COC(=O)c1cc(NC(=O)C2(c3ccc(C(F)(F)F)cc3F)CC2)ccc1-c1ccc2cnn(C)c2c1,0,0
cid-130191453,CCc1cc(F)c(OCC2COC(c3cc(F)c(-c4cc(F)c(F)c(F)c4)c(F)c3)OC2)c(F)c1,0,0
cid-84312595,CCOC(=O)c1c(-c2ccc(C)cc2)csc1NC(=O)Cn1ccc2ccccc2c1=O,0,0
cid-28966655,COc1ccc(F)cc1[C@@H](N)C(C)C,0,0
cid-55098272,OCCN(CCO)CCC(O)c1cccc(Cl)c1,0,0
cid-142140201,CCCN=C(CCc1ccc(OCC(=O)O)c(C)c1)NN(C=O)c1ccc(C(F)(F)F)cc1,0,0
cid-138544500,CCCCCC(C)Nc1ncc2c(Nc3ccc(F)cc3)cc(C3CCC(O)CC3)n2n1,0,0
cid-62190585,CNc1cc(C(C)C)nc(-c2ccncc2)n1,0,0
cid-171872530,O=c1[nH]c2ccc(C(O)C(O)CCO)cc2s1,0,0
cid-90113667,COc1ccc(Nc2nc(C(N)=O)c(NC(=O)c3ccc(N(CS(C)(=O)=O)S(=O)[O-])cc3)s2)cc1,-1,0
cid-101197284,Cc1ccnc(-c2cc(C[n+]3ccc(-c4cc[n+](CCC[n+]5ccc(-c6cc[n+](C)cc6)cc5)cc4C)c(C)c3)ccn2)c1,4,0
cid-155241974,C=C(F)C(=O)OCCCOc1ccc(SC(=O)c2ccc(C#Cc3ccc(C#Cc4ccc(OCCCN5C(=O)C=CC5=O)cc4)cc3)cc2)cc1,0,0
cid-89172421,CO[C@@H](/C=C/C(C)=C/[C@@H](O[Si](C(C)C)(C(C)C)C(C)C)[C@H]1C[C@@H](CO)C[C@@](C)(Cc2nc(OS(=O)(=O)C(F)(F)F)co2)O1)CC#C[Si](C)(C)C,0,0
cid-53027263,Cc1[nH]c(C)c(S(=O)(=O)N2CCC(C(=O)N3CCC4(CC3)OCCO4)CC2)c1C(=O)N1CCCC1,0,0
cid-17218245,COCCNC(=O)c1ccc(NC(=O)C(C)(C)C)cc1,0,0
cid-87066047,CC(S)CC(=O)OCCCCCCCCCOC(=O)CC(C)S,0,0
cid-108059823,Brc1ccc(I)c(CNCCCN2CCCC2)c1,0,0
cid-152657820,CCC1(OCOc2ccccc2)CCCCC1,0,0
cid-5088867,O=C(NNC(=S)NC(=O)c1ccc([N+](=O)[O-])cc1)c1cccc([N+](=O)[O-])c1,0,0
cid-3586091,CCOc1cc(C=C2SC(=S)N(c3ccc(C)c(Cl)c3)C2=O)ccc1O,0,0
cid-168766852,[2H]c1c([2H])c(-c2cccc3sc4ccccc4c23)c([2H])c(N(c2c([2H])c([2H])c(-c3cccc4ccccc34)c([2H])c2[2H])c2c([2H])c([2H])c(-c3cccc4ccccc34)c([2H])c2[2H])c1[2H],0,0
cid-118288852,CCOc1nc(Nc2cnn(C(C)(C)C(N)=O)c2C)nc2[nH]ccc12,0,0
cid-121947365,Cc1nc(C2CC2)oc1C(=O)N(Cc1ccccc1)C(C)C(=O)O,0,0
cid-68432440,COCCCNc1nc(C(C)(C)C)ncc1C(=O)N(CC(C)C)[C@@H]1CNC[C@H](C(C)=O)C1,0,0
cid-55127669,CCNc1cc(C(F)F)nc2ccc(N(C)C)cc12,0,0
cid-17130514,CCOCCOc1ccc(NC(=O)c2ccccc2Br)cc1,0,0
cid-164723896,c1ccc(-c2cc(-c3ccc4ccc(-c5cccc6c7c8c(cnc9ccccc98)c(-c8ccccc8)cc7n(-c7ccccc7)c56)cc4c3)nc(-c3ccccc3)n2)cc1,0,0
cid-42717861,CCOC(=O)CCC(=O)N(CCC(C)C)C(C)c1nc2ccccc2c(=O)n1-c1ccc(Br)cc1,0,0
cid-101259417,CCc1ccccc1NC(=O)Oc1ccc2c(c1)[C@]1(C)CC[N+](C)(O)C1N2,1,0
cid-124499907,CCN1CCC[C@H]1c1ccc(N2CCCCC2)nc1C,0,0
cid-24206375,CCCCCc1c(-c2ccccc2)n(-c2cccc(O)c2)c2nc3c(c(=O)n(C)c(=O)n3C)n12,0,0
cid-164783645,[2H]c1ccc([2H])c(N(c2ccc3c(c2)C(c2ccccc2)(c2ccccc2)c2ccccc2-3)c2ccc3c(c2)C(c2ccccc2)(c2ccccc2)c2ccccc2-3)c1[2H],0,0
cid-137464812,CC1(C)CC(N(CCF)c2ccc(-c3ccc(-c4ccc(=O)[nH]c4)cc3O)nn2)CC(C)(C)N1,0,0
cid-109520240,CCNC(=NCCNC(=O)c1ccc(C(F)(F)F)cc1)N1CCC(CC(=O)NC)CC1,0,0
cid-171247978,CC(C)(CO)[C@@H](N)c1ccc(Br)cc1O,0,0
cid-50754402,COc1ccc(OC)c(C(CNC(=O)c2cc(-c3ccc(C)c(C)c3)on2)N2CCCCC2)c1,0,0
cid-118053531,Cc1cc(C2=NOC(c3cc(Cl)cc(Cl)c3)(C(F)(F)F)C2)ccc1C(=O)N1CC(=O)NC(=O)C1,0,0
cid-170708140,C=Cc1ccc2nc(N3CCS(=O)(=O)CC3)ncc2c1,0,0
cid-56833636,CS(=O)(=O)c1cccc(-c2cc3c(N4CCOCC4)nc(-c4cnc(N)nc4)nc3s2)c1,0,0
cid-121219856,CC(C)(C)C1(C)C(=O)CC1(C)C,0,0
cid-136887719,COc1ccc([C@@H]2CC(=O)Nc3c2cnn3C(C)C)c2ccccc12,0,0
cid-90810270,Oc1ccc(Sc2ccc(O)cc2OC(O)CCc2ccccc2)c(O)c1,0,0
cid-167524609,CC(C)c1cc(C(=O)N2CC3C(C2)C3C2=NOC(C)(C)N2C)n[nH]1,0,0
cid-108831060,CCCCOC(=O)c1ccccc1N/C=C(/C#N)C(=O)N1CCC(C(=O)OCC)CC1,0,0
cid-89431068,C=CCOc1ccc(OC(=O)C2CCC(c3ccc(C4CCC(OCC)CC4)c(F)c3F)CC2)c(F)c1F,0,0
cid-64220153,N#CCN1C(=O)NC(=O)C12CCCCC2,0,0
cid-79653183,CC1CCCCN1S(=O)(=O)N(C)CC(C)(C)CN,0,0
cid-108071346,CCNc1ncc(F)cc1C(=O)Nc1cccnc1C,0,0
cid-121921832,O=C(O)c1ccc(CN(CCc2ccc(F)cc2)C2CCCC2)cc1,0,0
cid-70277754,CCCC(N)CCn1cc(C(=O)OC)c(C)cc1=O,0,0
cid-64612627,CNC(C)CCCCSCCOC,0,0
cid-10546261,COC(=O)c1cc2c(o1)Sc1ccccc1N=C2N1CCN(C)CC1,0,0
cid-116099427,CCCNCc1nccn1CCCSCC,0,0
cid-126824190,CCOC=CC(O)(CNC(=O)c1c[nH]cc1C)C(F)(F)F,0,0
cid-158609266,CC(C)N1CCC(c2nc(C(=O)Cc3cc4nc(-c5cncc(F)c5)ccc4cn3)co2)CC1,0,0
cid-46569618,CN(Cc1ccccc1NC(=O)/C=C/c1ccc(C(=O)NC2CC2)cc1)C1CCCCC1,0,0
cid-142281618,C=C(C)CC(CO)Cc1ccc(C2CCC(CCCCF)CC2)cc1,0,0
cid-176886168,Oc1ccccc1-c1cc2ccc(C3CC4(CNN4)C3)cc2nn1,0,0
cid-112135252,CN=C(NCc1coc(-c2ccccc2)n1)N1CCC(N2CC=CC2)C1,0,0
cid-162482091,CC(=O)N1CCC(c2cc(=O)[nH][nH]c2=O)CC1,0,0
cid-135665390,COC(=O)CN(C)Cc1nc2cc(C(F)(F)F)ccc2c(=O)[nH]1,0,0
cid-32078474,Clc1snnc1CN1CC=C(c2ccccc2)CC1,0,0
cid-86217832,C=CCC#CCCCCC#CC,0,0
cid-82350863,Cc1cc(CC(CC(=O)O)NCCC(C)C)ccc1F,0,0
cid-82970226,CC(O)c1ccc(Br)cc1N1CCN2CCCCC2C1,0,0
cid-119490991,CNC1CCCN(C(=O)c2nn(-c3ccc(F)cc3)c3c2CCC3)C1,0,0
cid-43506948,CCCNC(C)c1cccc(S(=O)(=O)N2CCCCC2)c1,0,0
cid-50927915,CC12CC(NC(=O)N1c1ccc3c(c1)OCO3)c1cc(Cl)ccc1O2,0,0
cid-166201082,O=C(CCc1nc2ncccc2[nH]1)NC1CCN(c2ccc(Cl)cc2)C1,0,0
cid-139820808,CC(C)(C)C(O)(OC(=O)CC(=O)OC(O)(C(C)(C)C)C(C)(C)C)C(C)(C)C,0,0
cid-112225578,CCN=C(NC(C)CC)NC1C2CCOC2C1(C)C,0,0
cid-104788483,CC(NC1=CC(=O)CC1)c1ccsc1,0,0
cid-136004601,Cc1nc2c(c(=O)[nH]1)C(C)C(=O)N2c1c(C)cc(Br)cc1C,0,0
cid-169377411,NC1=NC2(CCCCC2)N(c2ccc([N+](=O)[O-])c([N+](=O)[O-])c2)C(N)=N1,0,0
cid-69240122,CN1C2CCC1CC(CC(O)(c1cccc(F)c1)c1cccc(F)c1)C2,0,0
cid-157824119,CCCCCCCNS(=O)(=O)c1cc(O)c(N=NC(C(=O)Nc2ccccc2)=C(C)O)cc1Cl,0,0
cid-72194292,C[C@@H](N)C(=O)N[C@H]1CC[C@@]2(C)[C@H](CC[C@@H]3[C@@H]2CC[C@]2(C)[C@@H](c4ccc(=O)oc4)CC[C@]32O)C1,0,0
cid-108387126,COC(=O)CCC(N)Cc1ccc(Cl)cc1C,0,0
cid-67436763,CCCCC/C=C\C/C=C\CCCCCCCC(=O)Oc1ccc(C=Cc2cc(O)cc(O)c2)cc1,0,0
cid-116493135,CC(CO)CCC(=O)C1CCCC1,0,0
cid-177426381,C=C1C(=O)N(S(=O)(=O)c2ccc(C)cc2)[C@]2(c3ccc(C(F)(F)F)cc3)C=CC(=O)C[C@H]12,0,0
cid-104751442,CCn1cc([N+](=O)[O-])c(=O)n(CC(=O)C2CCCC2)c1=O,0,0
cid-135881358,O=C(N/N=C\c1ccc(O)cc1)c1cc(-c2ccc(OCCc3ccccc3)cc2)n[nH]1,0,0
cid-99783520,Cc1nc2ccc(NC(=O)[C@H]3CC[C@@H](NC(=O)OCc4ccccc4)C3)cc2o1,0,0
cid-62990880,CCCNC(C)(CCCCSC1CCOCC1)C(=O)OC,0,0
cid-156969338,CCCCC/C=C\C=C/[C@@H](O)C/C=C\C/C=C/CCCC(=O)OC[C@H](COP(=O)(O)O)OC(=O)CC/C=C\C/C=C\C/C=C\C/C=C\C/C=C\CCCCC,0,0
cid-44145934,CCCCCCCC/C=C/CCCCCCCCOP(=O)(O)OCCCCCCCCCCCCCCCCCC,0,0
cid-104671275,CNCCCNC(=O)c1cc(C)nnc1C,0,0
cid-118032443,Cc1nn2cccnc2c1C(=O)N[C@H](C)c1nc2cccc(C#CC3CCCC3)c2c(=O)n1-c1ccccc1,0,0
cid-7038364,CCOP(=O)(OCC)[C@@](C)(CC)Nc1ccc(Cl)c(Cl)c1,0,0
cid-88858643,Cc1ccc2c(c1)c1cc(-c3cccc(-c4ccc5oc6ccccc6c5c4)c3)ccc1c1nccnc21,0,0
cid-25660736,CC(=O)N1CCc2cc(NC(=O)[C@H](C)Oc3ccc(C#N)cc3)ccc21,0,0
cid-140124297,O=[N+]([O-])N=C1NCCN1/C=C/CCN1CCNC1=N[N+](=O)[O-],0,0
cid-59259429,CN1CC=C(c2cn(S(=O)(=O)c3ccc4c(ccn4C)c3)c3ccc(F)cc23)CC1,0,0
cid-111547435,CN=C(NCCc1c[nH]c2ccc(F)cc12)NCc1ccccn1,0,0
cid-129902323,NCc1ccc(Nc2nccc(C(NC3CC3)c3ccc(CN)cc3)n2)cc1,0,0
cid-176305195,CCN(O)[Si](C)(C)C,0,0
cid-83866863,N#CCc1[nH]c(=O)[nH]c(=O)c1Br,0,0
cid-106624112,CC(C)N(CC1CCCNC1)C(C)c1ccc(F)cn1,0,0
cid-93171307,Cc1ccccc1OC[C@H]1c2ccsc2CCN1C(=O)CN(CC1CC1)C(=O)c1cccc(F)c1,0,0
cid-61888590,CC1(C)CC1Nc1ncccc1C(N)=S,0,0
cid-166708052,CCCCCC/C=C\CC(=O)NC(Cc1ccc(O)cc1)C(=O)NC(C(=O)N[C@@H]1/C=C/C(=O)N[C@@H](C(C)C)C(=O)N[C@@H](C)C(=O)OC1)C(C)C,0,0
cid-130031831,C=C=C(C)C(=O)CCC(=C)C,0,0
cid-101368271,CC/C=C/C(OC(=O)c1ccccc1)C(C)=O,0,0
cid-36481388,CC(C)(C)OC(=O)Nc1ccc(CC(=O)Nc2cccc(CN3CCCC3=O)c2)cc1,0,0
cid-4857079,CCc1cc2c(SC(C)C(=O)Nc3ccc([N+](=O)[O-])cc3C(F)(F)F)ncnc2s1,0,0
cid-174100883,[B](c1ccccc1)n1cccn1,0,1
cid-49758999,CN[C@H](C)c1cnc2[nH]ccc2c1,0,0
cid-171385972,COCCNC(=O)C[C@H]1CC[C@@H](CNC(=O)c2ccncc2O)N1CC1CC1,0,0
cid-117996749,Cc1ccc(NC(=O)c2ccc3c(c2)OCCO3)cc1NC(=O)c1ccc2nc(OCCN3CCCC3)ccc2c1,0,0
cid-65191814,Cc1nn(C)cc1C(C)NC(C)Cc1ccc(Br)cc1,0,0
cid-169433641,O=C([O-])CCc1c2ccccc2c(CCC(=O)[O-])c2ccccc12,-2,0
cid-148293431,CN1C(=O)[C@H](CCCCN)NC(=O)[C@H](CCCN)NCc2ccccc2Sc2c(Cl)cc(-c3ccn[nH]3)cc2CNC(=O)[C@@H]1Cc1c[nH]c2ccccc12,0,0
cid-140882474,C=CCCCCCCCCCCCCCN1C(=O)c2ccccc2C1=O,0,0
cid-137407225,O=c1[nH]ncn1-c1ccc(N2CCN(c3ccc(Br)cc3)CC2)cc1,0,0
cid-5123270,CCc1ccc(N2C(=O)NC(=O)C(=Cc3cc(C)n(-c4ccc(F)cc4)c3C)C2=O)cc1,0,0
cid-135484534,CC(C)(C)C12OOC1(c1ccc(/C=N/O)c(O)c1)OCC2(C)C,0,0
cid-103032040,CCNC(CCC(C)(C)OC)c1ccc(OC(F)F)cc1,0,0
cid-37007674,O=C(CCN1C(=O)CCC1=O)Nc1nnc(-c2ccccc2)s1,0,0
cid-121699673,COc1ccc(S(C)(=O)=O)cc1S(=O)(=O)NC1CCNC1,0,0
cid-120189224,CC(C)S(=O)(=O)CCN1CCC2(CCNCC2)C1,0,0
cid-101475427,C[Se]CC(C[Se]C)(C[Se]C)C[Se]C,0,0
cid-132941847,COCN(C(=O)OC(C)(C)C)[C@@]1(C(C)C)C(=O)C/C(C)=C(/C)Cc2ccccc21,0,0
cid-7254532,CCOC(=O)c1sc(NC(=O)CSc2ccc(C)cc2)cc1C,0,0
cid-72590432,[C-]#[N+]C(C#N)=C(C)c1ccccc1,0,0
cid-63732231,CCC(N)CNc1ccc(C(F)(F)F)cc1,0,0
cid-92710367,Cc1ccc(C(=O)NC[C@H]2COCCO2)cc1NC(=O)C1=CSCCO1,0,0
cid-166855488,CNC(=O)CCC(C=O)N1C(=O)C=C(Nc2cccc(C(C)(C)CNCc3ccc(C)c(Cl)c3)c2)C1=O,0,0
cid-79164503,CC(C)NCc1ccnc(N2CCC3CCC(C2)N3C)c1,0,0
cid-2725868,S=c1[nH]nc(-c2ccc(Cl)cc2)n1-c1cccnc1,0,0
cid-32052044,Cc1ccc(C(=O)N(C)CC(=O)Nc2c(Cl)cccc2Cl)c(C)c1,0,0
cid-82880342,Cc1ccc(CC(=O)Nc2c[nH]c(C)c2C(=O)O)cc1,0,0
cid-166386253,CC(=O)c1ccc(S(=O)(=O)NC(C)C(=O)NOCC(C)C)cc1,0,0
cid-57145041,CSn1c(C(=O)O)cc2ccccc21,0,0
cid-70147054,CN1C(=O)C(Br)C[C@@]2(C)C1CC[C@@H]1[C@H]2CC[C@]2(C)C(O)CC[C@@H]12,0,0
cid-177827344,C=C(C)[C@@]12OC3(/C=C/C=C\CCCCC)O[C@@H]1[C@@H]1[C@@H]4O[C@]4(CO)[C@@H](O)[C@]4(O)C(=O)C(C)=C[C@H]4[C@@]1(O3)[C@H](C)[C@H]2OC(=O)c1ccccc1,0,0
cid-49633578,CCS(=O)(=O)N1CCN(C(=O)NCCC2=CCCCC2)CC1,0,0
cid-157742647,[3H]CCNc1nc2c(ncn2[C@@H]2O[C@](F)(COP(=O)(OCOC(=O)OC(C)C)OCOC(=O)OC(C)C)[C@@H](O)[C@@]2(C)O)c(=O)[nH]1,0,0
cid-94013312,CC[C@@H](NC(=O)c1ccc(Cl)c(S(=O)(=O)N2CCCCCC2)c1)c1ccc(OC)cc1,0,0
cid-124069897,CN1CCN(Cc2ccc(CC3CCN(C(=O)c4ccncc4)CC3)cc2)CC1,0,0
cid-8450335,CC[C@@]1(c2ccccc2)NC(=O)N(NC(=O)CN2CCSc3ccccc32)C1=O,0,0
cid-64080725,CCCNS(=O)(=O)c1ccc(CC(=O)OC)cc1,0,0
cid-50847239,Cc1sc2ncnc(N3CCCC3)c2c1C(=O)Nc1ccc(C(F)(F)F)cc1,0,0
cid-133363857,Cc1nc(C2CCCN(c3ccc(C#N)cc3[N+](=O)[O-])C2)n[nH]1,0,0
cid-59132161,CCOP(=O)(COC1CCC(C[C@H](NC(=O)O[C@H]2CO[C@H]3OCC[C@H]32)[C@H](O)CN(CC(C)C)S(=O)(=O)c2ccc(OC)cc2)CC1)OCC,0,0
cid-170295014,C#Cc1ccc2c(c1)[nH]c1c2c(=O)c2cc(C(C)C)c(-c3cccc(S(=O)(=O)F)c3)cc2n1C(C)C,0,0
cid-167337008,COC(C)(C)c1nc(CO[Si](C)(C)C(C)(C)C)c(S(N)(=O)=O)s1,0,0
cid-79860364,CC1(C)CCC(Oc2ccccc2)C1N,0,0
cid-131844280,CC(=O)CCN1C(=O)CC[C@H]1C(=O)O,0,0
cid-62302873,Cc1cc2c(n1-c1ccc(CC#N)cc1)CCCC2O,0,0
cid-104680016,CCNC(C)CCN1CCCC(C)C1=O,0,0
cid-65792924,Cc1ccc(S(=O)(=O)N2CC3CCC2C3)cc1CN,0,0
cid-133381267,N#Cc1ccc(C(F)(F)F)c(N2CCN(C3CCS(=O)(=O)C3)CC2)c1,0,0
cid-46829801,[2H]C([2H])(C)CC[C@H](NC(=O)[C@@H]1[C@@H]2[C@H](CN1C(=O)[C@@H](NC(=O)NC1(CS(=O)(=O)C(C)(C)C)C([2H])([2H])C([2H])([2H])C([2H])([2H])C([2H])([2H])C1([2H])[2H])C(C([2H])([2H])[2H])(C([2H])([2H])[2H])C([2H])([2H])[2H])C2(C)C)C(=O)C(=O)NC1CC1,0,0
cid-125753228,COc1cc(/C=C(/C#N)C(=O)Nc2ccc(Br)cc2)ccc1OCc1ccc(F)cc1,0,0
cid-167224830,CC(Cl)(Cl)CC(=O)Nc1cccc(NC(=O)C(F)(F)C(F)(F)C(F)(F)F)c1F,0,0
cid-64632872,CC(N)CCCSc1ncnc2nc[nH]c12,0,0
cid-25135988,O=C(c1ccc(F)cc1)C1C(c2ccccc2)=CC(=O)C12CCCCC2,0,0
cid-92519749,CC[C@H](C)N1C(=O)/C(=C/c2c(NC[C@@H]3CCCO3)nc3c(C)cccn3c2=O)SC1=S,0,0
cid-59182202,CC1(C)c2ccccc2-c2ccc(-c3c4ccccc4c(-c4ccc5c(c4)[Si](C)(C)c4c6c(c7ccccc7c4-5)-c4ccc(-c5c7ccccc7c(-c7ccc8c(c7)C(C)(C)c7ccccc7-8)c7ccccc57)cc4[Si]6(C)C)c4ccccc34)cc21,0,0
cid-135619411,C#CCOC[C@@H](O)CN1CCc2nc(Cc3cccc(OC)c3)[nH]c(=O)c2C1,0,0
cid-57300391,CCCc1cc(N)cs1,0,0
cid-123781573,COC(=O)/C(=C\CC(C)CCC=C(C)CCC=C(C)CCC=C(C)C)P(=O)(OC)OC,0,0
cid-177600852,COc1ccc(/C=N/c2oc3cccc(O)c3c2-c2ccc(F)cc2)cc1,0,0
cid-125742567,CCOc1cc(-c2nc3sc(C)c(C)c3c(=O)[nH]2)ccc1OCc1cccc(F)c1,0,0
cid-111944572,CCNC(=NCCCCOCC)NCCn1c(C)nc2ccccc21,0,0
cid-2421818,COc1cccc(CNCC(=O)NC(=O)NC2CCCC2)c1,0,0
cid-171378430,C#CCCCCC(=O)O[C@H](C)C1=CC[C@@]23OCCN(C)C[C@@]12C[C@@H](O)[C@]12O[C@]4(O)CC[C@@]1(C)[C@H](CC=C32)C4,0,0
cid-92525080,CC1(C)C[C@@]2(C)O[C@@]3(C)CC(C)(C)O[C@]3(C)O[C@]2(C)O1,0,0
cid-109432271,CN=C(NCCS(=O)(=O)N1CCc2ccccc21)NCc1nc(C)c(C)o1,0,0
cid-121115557,CCn1c(C2CCN(C(=O)c3ccsc3)CC2)nn(Cc2ccccc2)c1=O,0,0
cid-79826537,NC(Cc1nc2ccccc2s1)Cc1ccc(F)cc1F,0,0
cid-65987568,CCCNCC(O)CCc1ccc(OC)cc1,0,0
cid-20620258,O=C(NO)C1(S(=O)(=O)c2ccc(OCCCc3cccc(N4CCNCC4)c3)cc2)CCN(C2CC2)CC1,0,0
cid-42702160,CCc1ccc(NC(=O)N(CCC(=O)N2CCC(C)CC2)Cc2ccco2)cc1,0,0
cid-59162735,Cc1ccc(-c2cccc(S(=O)(=O)N(C)C[C@H](O)CNC(C)(C)Cc3ccc4ccccc4c3)c2)cc1C(=O)O,0,0
cid-55786800,O=C(NCCc1cccs1)c1ccc(Oc2ccc(Br)cc2)nc1,0,0
cid-120650886,CCN[C@H](C)CNC(=O)Cc1cccc([N+](=O)[O-])c1,0,0
cid-24518357,O=S(=O)(c1cccc(-c2nnc(SCc3cc(F)cc4c3OCOC4)o2)c1)N1CCCCC1,0,0
cid-125787114,O=C(NCc1ccc(/C=N/NC(=O)C(=O)N2CCCC2)o1)C(=O)Nc1ccc(Cl)c(Cl)c1,0,0
cid-18114966,O=C(NCCc1ccccc1F)c1csc2c1CCCC2,0,0
cid-45214475,O=C(c1cccc(N2CCCC2=O)c1)N(Cc1cccc(OCc2ccc3c(c2)OCO3)c1)Cc1ccccn1,0,0
cid-80548474,CNC(=O)C1CCCN1C(=O)C(C)C(N)c1ccccc1,0,0
cid-136248482,COc1ccc([C@H]2C[C@@H](C(F)(F)F)n3ncc(C(=O)N4CCN(c5ccccc5OC)CC4)c3N2)cc1OC,0,0
cid-67254849,Cc1c(C2CCN(C(=O)C3CC3)C2)nc(N)c(N)c1C,0,0
cid-61357910,O=C1C(=O)N(CC2CCCCO2)c2c(F)ccc(Cl)c21,0,0
cid-19681195,CCn1cc(S(=O)(=O)NCC(C)C)c(C)n1,0,0
cid-167485659,OC1CCC(Nc2cc(Cl)ncc2C#CC2(O)CCOCC2)CC1,0,0
cid-119229911,O=C(CC(NC(=O)c1ccccc1)c1ccccc1)NC1CCC(C(=O)O)CC1,0,0
cid-84785634,NCC1(CCS(=O)(=O)C2CCC2)CC1,0,0
cid-117744027,CC(=O)NC(C)(C)c1ccnc(C(C)(C)C)c1,0,0
cid-8132820,S=c1n(C[NH+]2CCc3ccccc3C2)nc(-c2cccnc2)n1-c1ccccc1,1,0
cid-123829258,COc1ccc2c(O[C@@H]3C[C@H]4C(=O)C[C@]5(P(=O)(O)Cc6c(F)ccc(C)c6F)C[C@H]5CCCCCCC[C@H](CC(=O)OC5CCCC5)C(=O)N4C3)cc(-c3csc(NC(C)C)n3)nc2c1Cl,0,0
cid-82749011,CN(C(=O)c1n[nH]c(C2CC2)c1S(N)(=O)=O)C1CCOC1,0,0
cid-117751405,C=Cc1cc(C)ccc1I,0,0
cid-114803039,CCOC(C)c1nc(-c2ccc3c(c2)CCNC3)cs1,0,0
cid-156147548,Cc1sc(-c2ccccc2)cc1C1=C[C@H]2C[C@]1(c1cc(COC(=O)C(C)(C)P)sc1C)[C@H]1C(=O)N(CCOC(=O)C(C)(C)P)C(=O)[C@@H]21,0,0
cid-124327417,COC(=O)CN1C(=O)/C(=C/c2cc(Cl)c(OC)cc2OC)NC1=S,0,0
cid-14744788,CCCCCCCCCCc1ccc(C(=O)Oc2ccc(C(=O)OC(C)COCC)cc2)cc1,0,0
cid-110124106,CN(CC1(O)CCCN(c2ccccn2)C1)C(=O)CCc1ccnn1C,0,0
cid-11853753,O=C(CCc1ccc(CN2CCCCC2)cc1)NCCN1CCC(OC(=O)Nc2ccccc2-c2ccccc2)CC1,0,0
cid-46629169,COC(=O)c1csc(S(=O)(=O)N2CCN(C(=O)/C=C/c3cccc(Cl)c3)CC2)c1,0,0
cid-18218257,CC(N)C(=O)NC(C)C(=O)NC(CC(=O)O)C(=O)O,0,0
cid-106939216,CC1CCNCC1OCCOCCO,0,0
cid-6000154,COc1ccc(NC(=O)C(=O)N/N=C\c2ccc(OC(=O)c3ccccc3Cl)cc2)cc1,0,0
cid-158397352,C1=CCC(C2(c3ccccc3)c3ccccc3-c3c2ccc2c4cnccc4n(-c4ccc(-c5ccc(-n6c7c(c8c6NCCC8)C=CCN7)cc5)cc4)c32)C=C1,0,0
cid-124809684,Cn1cncc1CN1CC[C@H]2OCCN(C(=O)c3ccncc3)[C@@H]2C1,0,0
cid-147238763,CCCCC/C=C/C=C1\CC=CC1=O,0,0
cid-155907207,Cc1ccc(-c2c(-c3ccc(C)cc3)n(C(C)(C)C)c(=O)n(C(C)(C)C)c2=O)cc1,0,0
cid-20935512,Cc1ccc(-c2onc(C)c2C)cc1S(=O)(=O)N1CC=C(c2ccccc2)CC1,0,0
cid-64931442,CC(C)C1CNC(c2ccccc2)CN1C1CCCCC1,0,0
cid-94486375,CCOc1ccccc1[C@H]1N=C(c2ccc(C)cc2)C[C@@H](c2cc(Br)ccc2O)N1,0,0
cid-53219022,Cc1cc(O)cc(-c2ccc(Cl)c(C#N)c2)c1,0,0
cid-100491814,COc1ccc(-n2c(C)ccc2[C@@H]2[C@@H](c3ccccn3)NC(=S)N2c2cc(OC)ccc2OC)cc1,0,0
cid-88133940,CN(NC(NN(C)C(=O)OC(C)(C)C)C(=O)O)C(=O)OC(C)(C)C,0,0
cid-122579724,N=Cc1c(/C=C\I)ccc2nccnc12,0,0
cid-110612271,CCCNS(=O)(=O)N1CCC(c2ccc3c(c2)OCO3)C1,0,0
cid-61107431,CCOC(=O)c1ccsc1NS(=O)(=O)c1ccccc1N,0,0
cid-90670476,CN1CCN(c2nc(Oc3ccc(C#N)cc3)nc(-c3ccc(N4C(=O)CSC4c4ccc(Br)cc4)cc3)n2)CC1,0,0
cid-54694878,Cn1c(=O)c(C(c2ccc(C(F)(F)F)cc2)c2[nH]c3ccccc3c2CCOC(=O)Cc2ccccc2)c(O)c2ccccc21,0,0
cid-82217555,C=CCn1c(C)cc(=O)c(O)c1CN1CC(C)CC(C)C1,0,0
cid-23095355,NC(=O)c1ccc(N2C(=O)CC(Sc3ccc(NC(=O)Cc4ccccc4)cc3)C2=O)cc1,0,0
cid-46889984,C[C@H](NC(=O)[C@H](CCCN=C(N)N)NC(=O)[C@H](C)NC=O)C(N)=O,0,0
cid-134674429,CCOC(=O)Cc1c(C(F)F)ncc(F)c1Cl,0,0
cid-131857912,CN(C)[C@@H](c1ccccc1)[C@H](O)C(=O)O,0,0
cid-91210453,CCC(O[Si](CC)(CC)CC)C(C)C1OC1CC(C)(O)C=CC=C(C)C1OC(=O)CC(O[Si](CC)(CC)CC)CCC(C)(O)C(OC(C)=O)C=CC1C,0,0
cid-18834644,CC1(C)C2CCC1(C(=O)NCCCn1ccnc1)c1nc3cc(Cl)c(Cl)cc3nc12,0,0
cid-176057869,Nc1ccc(N2CCN(C3CCC4(CC3)CCN(c3cccc(C(=O)NC5CCC(=O)NC5=O)c3)CC4)CC2)cc1,0,0
cid-82559207,CC(C(N)=O)n1ccnc1C(Cl)(Cl)Cl,0,0
cid-23603148,Cc1nc2ccc(S(=O)(=O)NCC(=O)NC3CCCCCCC3)cc2s1,0,0
cid-56484881,O=C(Nc1ncccc1OCc1ccncc1)C1CCCN(S(=O)(=O)c2cccs2)C1,0,0
cid-2595659,CCCNC(=O)NC(=O)CSc1nc2ccccc2c(=O)n1-c1cccc(OC)c1,0,0
cid-125980645,Cc1c(C(=O)N/N=C\c2ccc(OCc3ccccc3)cc2)sc2ncnc(N)c12,0,0
cid-125007300,Cc1nn(C)cc1S(=O)(=O)N[C@H]1CCCN(c2ccccn2)C1,0,0
cid-60162955,CN(C)C(=O)CNc1nc(-c2ccc(N)nc2)nc(N2CCOCC2)n1,0,0
cid-100261674,Cc1cc(C)c(-n2c(C)cc([C@H]3[C@H](c4ccccn4)NC(=S)N3Cc3ccncc3)c2C)c(C)c1,0,0
cid-50938752,C[C@@H](Oc1nc(-c2ccc3c(c2)NC(=O)C32CCN(C(=O)N3CCOCC3)CC2)cnc1N)c1c(Cl)ccc(F)c1Cl,0,0
cid-164836609,CC(C)Cc1cnn(C2CCN(CC3(C)CCC3)CC2)c1,0,0
cid-65623657,COCc1ccc(CNc2cccc(I)c2)cc1,0,0
cid-116023712,COCC(O)CNc1ccnc(C)c1,0,0
cid-106820330,CC(C)C(NC1CCN(c2ccccc2)CC1)C(=O)O,0,0
cid-41154989,CC(=O)N[C@@H](CC(=O)N1CCN(CC(=O)Nc2ccccc2Cl)CC1)c1ccccc1,0,0
cid-63928560,COCC(O)COc1ccc(CNC(C)C)cc1Br,0,0
cid-11166791,O=C(NO)C1C2CCCCC2CCN1S(=O)(=O)c1ccc(Oc2ccc(F)cc2)cc1,0,0
cid-69439504,O=C(NC[C@H](NC(=O)c1ccc(Cl)s1)C(=O)O)c1ccc(N2CCCCC2=O)cc1,0,0
cid-19305570,COC(=O)c1ccccc1NC(=O)C(Sc1cccc(NC(=O)/C(=C\c2ccccc2Cl)NC(=O)c2ccccc2)c1)c1ccccc1,0,0
cid-111837687,CN=C(NCCc1ccc(C(F)(F)F)cc1)NCC1(N2CCCC2)CCOCC1,0,0
cid-56137763,CCOc1ccc(NC(=O)C2CCOC2)cc1S(=O)(=O)N1CCCC1,0,0
cid-9651711,C/C(=N\NC(=O)c1ccc([N+](=O)[O-])cc1)c1ccc(C)c(C)c1,0,0
cid-117676078,CCc1nc(C(N)=O)c(Nc2ccc(N3CCC(N4CCN(C)CC4)CC3)c(C)c2)nc1N1CC[C@H](NC(=O)OC(C)(C)C)C1,0,0
cid-125663660,CCOc1ccccc1N1C(=O)[C@H]2[C@H](C1=O)C1(Cl)c3ccccc3C2(Cl)c2ccccc21,0,0
cid-25357503,CC[C@@H](C)[C@@H](NC(=O)c1ccccc1NC(=O)c1ccc(OC)cc1)C(=O)CNCCCn1ccnc1,0,0
cid-45953362,CCCCCC(=O)N1CCN(c2nc(C(C)CC)nc3sc4c(c23)CCCC4)CC1,0,0
cid-111471481,O=C(Cc1[nH]nc2ccccc12)NCC1CCCC1O,0,0
cid-3123581,COc1ccc(C=CC(=O)c2c(-c3ccccc3)c3cc(Cl)ccc3[nH]c2=O)cc1,0,0
cid-171596850,[2H]c1c([2H])c([2H])c(-c2c([2H])c(-c3nc(-c4ccccc4)nc(-c4ccc5c(c4)oc4cc(-c6ccccc6)ccc45)n3)c([2H])c(-c3c([2H])c([2H])c([2H])c([2H])c3[2H])c2[2H])c([2H])c1[2H],0,0
cid-176276325,CC1(C)CCC(CN2CC3(CCN(c4ccc(C(=O)NS(=O)(=O)c5ccc(NCC6CCOCC6)c([N+](=O)[O-])c5)c(Oc5cnc6[nH]ccc6c5)c4)C3)C2)=C(c2ccc(Cl)cc2)C1,0,0
cid-83828674,OC1CCNC1Cc1cccs1,0,0
cid-87592260,CCOCC(OCC)(OCC)OP(=O)(OC(COCC)(OCC)OCC)OC(COCC)(OCC)OCC,0,0
cid-83138648,CC(C)(C)C(CNC1CC1)Cc1ccccc1Cl,0,0
cid-63359081,N#Cc1ccc(CNC(=O)c2cccc(F)c2F)c(F)c1,0,0
cid-8530168,Cc1c(C(=O)N2CC[NH+]([C@@H]3CCS(=O)(=O)C3)CC2)oc2ccc(Cl)cc12,1,0
cid-66995687,CCCn1c(=O)c2c(nc(Cc3ccsc3)n2CCNCC(O)CC)n(CCc2ccc(N)cc2)c1=O,0,0
cid-57822256,CC(C)c1[nH]c2cncn2c(=O)c1C(C)C,0,0
cid-57037478,O=C(O)c1cn(C2CC2)c2c(F)c(N3CCC(c4nn[nH]n4)C3)c(F)cc2c1=O,0,0
cid-18367993,CC(=O)Nc1c(C(=O)c2ccco2)[nH]c2cc(Cl)ccc12,0,0
cid-59571020,COc1ccc(COC(C)(C)COc2cnc(NC(=O)OC(C)(C)C)cn2)cc1,0,0
cid-91702224,CCCCCCCCCCCOC(=O)CCC(=O)OC(C)C(C)C,0,0
cid-81748143,NC(Cc1ccc(Cl)c(Cl)c1)c1ccncc1F,0,0
cid-91173330,O=C(Nc1cccc2c1CN(Cc1cccc(CNc3ccon3)c1)C2=O)c1cc(Cl)ccc1S,0,0
cid-4857001,O=C(COC(=O)C1CCN(S(=O)(=O)c2ccccc2C(F)(F)F)CC1)c1ccc(Cl)s1,0,0
cid-10299798,CCCOc1ccc2c(c1)c(-c1ccc(OCC3CC3)cc1)c(C(=O)O)n2Cc1cccc(OC)c1,0,0
cid-27437615,CN1C(=O)/C(=C/c2ccc3c(c2)OCO3)SC1=Nc1cccc(O)c1,0,0
cid-64265130,Cc1ccc(C)c(N2CCCC(NC3CC3)C2)c1,0,0
cid-156491345,O=C(c1csc(Nc2cnc(NC3Cc4ccccc4C3)nc2)n1)N1CCc2n[nH]nc2C1,0,0
cid-19887444,CC1(C)C=C(n2cc([N+](=O)[O-])cc(Cl)c2=O)c2cc(C#N)ccc2C1,0,0
cid-50995697,CC1(S(=O)(=O)NC(=O)[C@@]23C[C@H]2/C=C\CCCCC[C@H](Nc2ccc(Cl)c(Cl)c2)C(=O)N2C[C@H](Oc4nc5ccccc5s4)C[C@H]2C(=O)N3)CC1,0,0
cid-56053044,O=C(CNC(=O)c1cc(F)cc(F)c1)NCc1cc(Cl)c2c(c1)OCCCO2,0,0
cid-100481192,C=CCN(c1ccccc1C(=O)OC)S(=O)(=O)c1ccc(OC)c(OC)c1,0,0
cid-163982920,NC1(c2ccc3cnn(-c4cc(C5CCN(C6COC6)CC5)ncn4)c3c2)CCC1,0,0
cid-26822788,CN(c1ccccc1)S(=O)(=O)c1cccc(NC(=O)c2ccccc2I)c1,0,0
cid-3175352,Cc1cc(C)c2[nH]c(=O)c(C(c3nnnn3C3CCCC3)N3CCN(Cc4ccc5c(c4)OCO5)CC3)cc2c1,0,0
cid-15521711,CN1CCC(=O)c2[nH]ccc2C1=O,0,0
cid-9476902,COc1ccc(OC)c([C@H](C)NC(=O)/C=C/c2cccc(C(F)(F)F)c2)c1,0,0
cid-23515383,Cc1ccc(C2COC(=O)C(Cc3ccc(C)c([N+](=O)[O-])c3)C2)cc1Cc1ccccc1,0,0
cid-133200876,CCCNC(=O)C(Cc1ccccc1)N(Cc1c(Cl)cccc1Cl)C(=O)Cc1ccc(Cl)c(Cl)c1,0,0
cid-97189092,CC(C)COc1cccc([C@H](C(=O)O)N2CCN(c3cnccn3)CC2)c1,0,0
cid-14597069,CCCN(C)C(=O)O,0,0
cid-133836000,O=C1OCCN1CCN1CCCN(C(=O)c2ccc(F)cc2)CC1,0,0
cid-87457477,CC1(C)C(=O)N(c2ccc(SC(F)(F)F)cc2)C(=O)N1Cc1ccnc(C(N)=O)c1,0,0
cid-100978971,CS(C)=CCn1c(C=O)cc2ccccc21,0,0
cid-175348172,Cc1ccc(S(=O)(=O)N(N=Cc2ccccc2)C(C[Se]c2ccccc2)c2ccc3ccccc3c2)cc1,0,0
cid-146290239,Fc1ccc(C2N=C(c3nccs3)NC(CN3CCOCC3)=C2C#CC2CC2)c(Cl)c1,0,0
cid-54904103,c1ccc(-c2csc(CNc3cccnc3)c2)cc1,0,0
cid-9936528,CCCCCCCNC(CSSCC(NC(=O)CCCCCCC)C(=O)OCC)C(=O)OCC,0,0
cid-145853391,CS(=O)(=O)Nc1ccccc1N1CCN(C(=O)[C@@H](Cc2ccc(Cl)cc2)N[C@@H](Cc2ccccc2)C(N)=O)CC1,0,0
cid-109894178,CC(C)(C)CC(=O)NCC(O)c1ccc(Cl)c(F)c1,0,0
cid-109537485,CCNC(=NCC1CCCN(C)C1)N1CCOC(c2cnn(C)c2)C1,0,0
cid-131854338,CCOC1=CC(=O)[C@H](OC(C)=O)[C@@H](C)C1,0,0
cid-83160122,CCCNCC(C)(Cc1ccc(OC)c(F)c1)C(C)C,0,0
cid-90984418,Cn1c(=O)oc2ccc(CNC(=O)c3cc(C(=O)N[C@H]4CCc5cc(C(=O)O)ccc54)nc4nc(=O)[nH]n34)cc21,0,0
cid-24452608,CC(=O)NCCc1ccc(C(=O)COC(=O)/C=C/c2ccc(Cl)cc2Cl)cc1,0,0
cid-9523326,CC(=O)c1cc(C(=O)OCC(=O)N(CCc2ccccc2)Cc2ccccc2)n(C)c1,0,0
cid-19133266,O=C(COC(=O)C(c1ccccc1)c1ccccc1)c1ccc(NC(=O)c2ccccc2)cc1,0,0
cid-8822715,Cc1cc(NS(=O)(=O)c2c(C)nn(C)c2C)ccc1Br,0,0
cid-59259361,CN1CC=C(c2nn(S(=O)(=O)c3ccc4oncc4c3)c3ncccc23)CC1,0,0
cid-3660097,Cc1ccc(C(=O)N(CC(=O)Nc2cc(C)on2)CC2CCCO2)cc1,0,0
cid-142596449,O=C(O)NC(Cc1ccccc1)B(O)O,0,0
cid-88374567,O=C(O)c1cccc(CC2CO2)c1Br,0,0
cid-79518942,COc1ccc(N)c(SCC2CCCCO2)c1,0,0
cid-3146151,COCCn1c(SCC(=O)N2CCCCC2C)nnc1-c1ccncc1,0,0
cid-112736888,CCCC[C@H](N)CN1CCSCC1S(C)(=O)=O,0,0
cid-111687701,CCCN1CCC(CN=C(NCC)NCCc2nc(C(F)(F)F)cs2)CC1,0,0
cid-6177219,CCOc1ccc(OCc2ccc(C(=O)N/N=C(/C)c3ccc4c(c3)OCO4)cc2)cc1,0,0
cid-107696730,CC(C)CNCc1cc(F)ccc1OCc1ccno1,0,0
cid-168500546,C#CC1CC(=O)N(Cc2ccc(OC)c(OCC)c2)C1,0,0
cid-161599484,Cc1cc(C)c(-c2o[c]([Sn]([CH3])([CH3])[CH3])cc2C)s1,0,0
cid-105614067,CCC(NC(=O)c1cc(Cl)ncc1N)c1ccccc1,0,0
cid-116286644,CC(NC(=O)NOCC(=O)O)c1ccc(Br)cc1,0,0
cid-108058270,C#CCCC(COCCOC)NN,0,0
cid-143161788,N/N=C(\N)c1ccc2oc(-c3ccccc3)cc(=O)c2c1,0,0
cid-143079096,C/C(=C\SC(N)=NCC1COc2ccccc2O1)c1cccc(C#N)c1,0,0
cid-22519720,Cc1ccc(C)c(N2CCN(C(=O)Cc3noc4ccccc34)CC2)c1,0,0
cid-116636727,O=S(=O)(c1ccc(Cl)s1)N1CCCCCC1CO,0,0
cid-39878929,CC(C)C(=O)N=C1S[C@@H]2CS(=O)(=O)C[C@@H]2N1c1ccccc1F,0,0
cid-1317691,CS(=O)(=O)N(CC(=O)Nc1ccc(F)cc1)c1ccc(I)cc1,0,0
cid-56860664,CN(C)CCCn1ccc(-c2cccc(-c3cnn(C)c3)c2)n1,0,0
cid-120153876,Cc1ccc(CNC(=O)CCC2CCNCC2)cn1,0,0
cid-121207207,CN1CCCN(C2CNC2)S1(=O)=O,0,0
cid-167911711,Cc1oc(Cn2ccc3ccc(Br)cc32)cc1-c1nnc(Cn2c(=O)c3c(ncn3Cc3ccccc3)n(Cc3ccccc3)c2=O)o1,0,0
cid-101512888,CC(C)[Si](Oc1cc2ccccc2cc1Br)(Oc1cccc2ccccc12)C(C)C,0,0
cid-4476081,CCC(C)C(=O)Nc1ccc(Cl)cc1Cl,0,0
cid-82084232,CCc1ccc(C2(CBr)CC2)cc1,0,0
cid-102875231,CC(C)CCOCCN(CCN)C1CCC1,0,0
cid-119864000,NCCCCCCC(=O)NCC1CCN(c2cccc(Br)c2)C1,0,0
cid-162344696,CCOC(=O)c1ccc([C@@H](N)CO)cc1,0,0
cid-131531591,C[C@@H](c1ccnc(Br)c1)N1CCNCC1,0,0
cid-106443683,O=C(NC1CCCC1Cl)c1c(F)cc(Br)cc1F,0,0
cid-98579367,Cc1ccnc(-c2noc([C@@H](N)C(C)(C)C)n2)c1,0,0
cid-103321477,CCc1cc2c(NC3CC3C)nc(Cl)nc2s1,0,0
cid-71651602,O=C1NN=CN2NC(c3ccc(Cl)cc3)CC12,0,0
cid-72190087,CC(C)[C@@H]1Oc2ccc([N+](=O)[O-])cc2[C@@H]2O[C@@H]21,0,0
cid-89076301,COCCCNC1CCN(c2ccc(N)c(OC)c2)CC1,0,0
cid-59526315,CC(C)(O)CS(=O)(=O)Cc1cccc(Nc2sc(-c3c(F)cc(C(C)(C)O)cc3F)cc2C(N)=O)n1,0,0
cid-61888681,CC(C#N)N(C)CC(=O)N(C)C(C)C,0,0
cid-25226056,[2H]c1c([2H])c(-n2nc(C(=O)N([2H])[2H])c3c2C(=O)N(c2c([2H])c([2H])c(N4C(=O)C([2H])([2H])C([2H])([2H])C([2H])([2H])C4([2H])[2H])c([2H])c2[2H])C([2H])([2H])C3([2H])[2H])c([2H])c([2H])c1OC([2H])([2H])[2H],0,0
cid-3390942,COc1cc(OC)cc(-c2nn(-c3cccc(C(F)(F)F)c3)c3c2CCN3)c1,0,0
cid-72113891,Cc1cccc(CN(Cc2ccccn2)C(=O)Nc2nnc(C(C)C)s2)c1,0,0
cid-81556279,Nc1cc(Br)cc(CN2CCN(c3ccccn3)CC2)c1,0,0
cid-64376824,O=C(O)C1C2CCC(C2)C1NCC1CCCC1,0,0
cid-111369860,CCNC(=O)c1ccc(CN=C(NCC)NCC2CN(CC(C)C)CCO2)cc1,0,0
cid-146578093,c1ccc2c3c(ccc2c1)Sc1ccc2ccccc2c1C3c1cc2ccccc2c2ccccc12,0,0
cid-162762151,COC(C)c1nc2c(cc1C)CCN(C)C2,0,0
cid-116976523,O=C1CCN(c2ncc(-c3ccccc3)cn2)CC1,0,0
cid-136383338,CCOC(=O)CCc1ccc(C(=Nc2ccc(-c3nccn3C)cc2)c2c(O)[nH]c3cc(Cl)ccc23)cc1,0,0
cid-118590882,NC1(c2cc(Cl)c(-c3ccncc3)c(Cl)c2)N=CNN1,0,0
cid-71066852,CCCCc1nc(N2CCN(C(=O)[C@H]3CCCN3C(=O)OC(C)(C)C)CC2)nc(NCc2ccc(Cl)cc2Cl)c1CO,0,0
cid-156042801,Cc1ccc2nnn(C)c2c1C(C)(C)Cc1nn(C)c2c(C(C)(C)C)c(C)ccc12,0,0
cid-126337616,CCCCc1nc2ccc(Br)cc2c(=O)n1N=Cc1cc(Cl)c(OCc2cccc3ccccc23)c(OC)c1,0,0
cid-46537176,COC(=O)c1ccc(OCC(O)Cn2cnc3c(Cl)cc(Cl)cc3c2=O)cc1,0,0
cid-56881233,COc1ccc(-c2noc(Cn3ccnc3C)n2)c(OC)c1OC,0,0
cid-138499243,N#Cc1ccc(-c2cc(-c3cc(C(F)(F)F)cc(C(F)(F)F)c3)ccc2-n2c3ccc(-n4c5ccccc5c5ccccc54)cc3c3cc(-n4c5ccccc5c5ccccc54)ccc32)c(-n2c3ccc(-n4c5ccccc5c5ccccc54)cc3c3cc(-n4c5ccccc5c5ccccc54)ccc32)c1,0,0
cid-129477398,CN(Cc1ncccn1)[C@@H]1CCN(C(=O)c2ccoc2)C1,0,0
cid-113318530,CCC(CCO)NS(=O)(=O)c1ccc(C)c(C)c1,0,0
cid-8210793,CCCNC(=O)[C@H](C)NC(=O)CSc1nnc(-c2ccc(OCC)cc2)o1,0,0
cid-119719124,COc1ccc(OC)c(CN(C(=O)CC2CC3CCC(C2)N3)C2CC2)c1,0,0
cid-10182765,Brc1cccc(-c2ncc(Br)c(Nc3ccc4ncccc4c3)n2)c1,0,0
cid-11237880,COc1ccc([C@]23C[C@H]2CN(CCCSc2nnc(-c4ccc(C(F)(F)F)cc4)n2C)C3)cc1C(C)=O,0,0
cid-47491107,CN(Cc1ccccn1)C(=O)Nc1ccc(OC(F)F)c(F)c1,0,0
cid-155672222,COCC1(C)CCC(B2OC(C)(C)C(C)(C)O2)CC1,0,0
cid-166801733,c1ccc2cc(-c3ccc(C4=NC(c5cccc6oc7ccccc7c56)N=C(c5cncc6oc7ccccc7c56)N4)cc3)ccc2c1,0,0
cid-116239318,CC(C)C(O)CNCCn1cccn1,0,0
cid-1350848,CCOc1cc(/C=C2\SC(=O)NC2=O)cc([N+](=O)[O-])c1O,0,0
cid-100794160,Cc1cccc2cc(C(=O)Nc3ccc(Cl)cc3)c(=O)oc12,0,0
cid-1152293,C[C@@H]1CCCN(C(=O)[C@H](C)Sc2nc(-c3ccccc3)cc(C(F)(F)F)n2)C1,0,0
cid-135146769,Cc1c(-c2ccccc2)cccc1N1Cc2ccc(CO)cc2C1,0,0
cid-43030589,COc1ccc(C2=NN(C(=O)COC(=O)c3c[nH]c4ccccc34)C(c3ccco3)C2)cc1,0,0
cid-100913206,CC(C)(C)OC(=O)N1C(=O)CC[C@]1(C(=O)O)C(C)(C)C,0,0
cid-81309346,CC1CCN(c2ccc3c(c2)N(C)C(=O)C3=O)C(C)C1,0,0
cid-7545683,CCOc1ccc(N2C[C@H](NC(=O)N3CCCC[C@@H]3CC)CC2=O)cc1,0,0
cid-123938637,CCCC[SiH]1CCC(C2CCC(C(=O)O)CC2)CC1,0,0
cid-124095168,CC1(C)c2cc(N(c3ccccc3)c3ccc4c(c3)sc3ccccc34)ccc2-c2c(N(c3ccccc3)c3ccc4c(c3)sc3ccccc34)cc3sc4ccccc4c3c21,0,0
cid-176002281,CCc1c(F)ccc2cc(O)cc(N3CCc4c(nc(OCC5(CN(C)C)CC5)nc4N4CCn5nnc(CO)c5C4)C3)c12,0,0
cid-117909841,C=CC(=O)Nc1cccc(-c2cccc3cnc(Nc4ccc(N5CCN(CC(C)O)CC5)c(CO)c4)nc23)c1,0,0
cid-174366114,CCN(C)C=Cc1ccc(OC)c(OC)c1,0,0
cid-43041299,Cc1noc2nc(C3CC3)cc(C(=O)NC(c3ccc(Cl)cc3)c3nccn3C)c12,0,0
cid-138016846,CCc1ncoc1C(=O)N1CCCc2cccc(OC(F)F)c21,0,0
cid-68847942,COc1ccc(Cl)cc1C(=O)Nc1ccc(C)c(C(=O)Nc2cccnc2)c1,0,0
cid-114313433,CC(CBr)CNC(=O)C1C2CCc3ccccc3C21,0,0
cid-144538953,CC(C)(C)[S@@](=O)N[C@@](C)(CSC1CCO[C@H]1CC#N)c1cc([N+](=O)[O-])ccc1F,0,0
cid-143328421,COC(CN(C)C)C(O)c1ccccc1C,0,0
cid-66143454,CCCCCCCCCC(=O)CSc1ccccc1Br,0,0
cid-95368778,C[C@H]1CC[C@H](Nc2cnn(C)c2)C1,0,0
cid-95080182,CC(C)NC(=O)[C@@H]1CN(S(=O)(=O)c2ccccc2)c2cc(C(C)(C)C)ccc2O1,0,0
cid-1978464,CCn1c(SCC(=O)c2ccc(O)c(O)c2)nnc1-c1ccncc1,0,0
cid-165666016,COC1(Cc2c(C)c[nH]c2C)CCNCC1,0,0
cid-91770437,Cn1c(Cn2cccn2)nnc1C1CC(NC(=O)c2n[nH]c3c2CCCC3)C1,0,0
cid-79315544,CC1(C)CCCN(CC2Cc3ccccc3S2)CC1,0,0
cid-16689631,CC(C)=[N+]1N(c2c(Cl)cc(Cl)cc2Cl)C(c2ccccc2)=NC1(C)C,1,0
cid-146212417,CN1C(=O)C2(CCC2)c2c1cnc1ccc(-c3cnc(OCCCN4CCC(F)C4)c(NS(C)(=O)=O)c3)cc21,0,0
cid-86788238,COC(=O)C(c1c(F)cccc1Cl)N1CCCC(CC(N)=O)C1,0,0
cid-26741786,Cc1cc(O[C@H](C)C(=O)Nc2nc(-c3cccs3)ns2)cc(C)c1Cl,0,0
cid-125815913,C=CCn1c(C)c(/C=N\NC(=O)[C@@H](NC(=O)C(c2ccccc2)c2ccccc2)C(C)C)c2ccccc21,0,0
cid-63674467,N#Cc1cc(F)ccc1NC1CCCc2ccccc21,0,0
cid-117253731,CNC(C)c1nc(C(=O)OC)c2ccc(Cl)cn12,0,0
cid-90910167,CCN(CC(F)F)[C@H](CNC(=O)c1ccc(Cl)s1)C(=O)Nc1ccc(N2CCOCC2=O)c(OC(F)F)c1,0,0
cid-110107571,COc1ncccc1C(=O)N[C@H]1CN(C(C)=O)C[C@H]1C(N)=O,0,0
cid-22005354,COc1ccc(SCc2c(C(C)C)nc(C(C)C)c(CO)c2-c2ccc(F)cc2)cc1,0,0
cid-28575397,CC(C)(C)c1ccc(C(=O)Nc2cccc(NC(=O)CN(c3ccc(Cl)cc3)S(C)(=O)=O)c2)cc1,0,0
cid-16255795,COc1ccc(CNC(=O)CN2C(=O)NC(c3ccccc3)(c3ccc(C)c(C)c3)C2=O)cc1OC,0,0
cid-3619637,COc1ccc(-c2cc3ccccc3oc2=O)cc1NC(=O)c1ccc(C)c([N+](=O)[O-])c1,0,0
cid-122643345,CC1[C@@H](O)[C@@H](COP(=O)(O)OP(=O)(O)OP(=O)(O)NCCC[N+](C)(C)CCCC[N+](C)(C)CCCNC(=O)c2ccc(-c3c4ccc(=N)c(S(=O)(=O)O)c-4oc4c(S(=O)(=O)O)c(N)ccc34)c(C=O)c2)O[C@H]1n1cc(/C=C/CNC(=O)C[N+](C)(C)CC[N+](C)(C)C)c(=O)[nH]c1=O,4,0
cid-110792773,COc1cc(C)c(Cl)cc1NC(=O)c1cnccn1,0,0
cid-110447303,COC(=O)/C=C(\C)c1ccc(OC)c(-c2ccccc2CN(C)C)c1,0,0
cid-65248453,CN(CCC(C)(C)C(=O)O)Cc1cccc(Br)c1,0,0
cid-102213200,C[C@H](C1=CC=CC1CO)N(C)C,0,0
cid-140355886,CCC(C)(CCCC(C)C)OC(=O)c1coo1,0,0
cid-171902329,CC1CC(c2cccc(-n3nc4c(C(F)(F)F)cc(CN5CCC[C@H](C)C5)cn4c3=O)c2)(c2nncn2C)C1,0,0
cid-97042225,Cn1cc(NC(=O)N(CCCO)[C@H]2CCCc3ccccc32)cn1,0,0
cid-174557908,O=C(O)C1Cc2cc(F)ccc2N1Cc1cccc2ccccc12,0,0
cid-167792122,O=c1cc(N2CCC(O)CC2)ncn1CC1CCCCCO1,0,0
cid-82853887,Cc1ccc(NC2CCN3CCCC23)cc1F,0,0
cid-124861089,CC[C@H](C)[C@H](CO)NC(=O)C[C@H]1NC(=O)N(CCc2c[nH]c3ccccc23)C1=O,0,0
cid-11534728,C=CCNc1ccn(C[C@@H](COC(c2ccccc2)(c2ccccc2)c2ccccc2)OCP(=O)(OC(C)C)OC(C)C)c(=O)n1,0,0
cid-120978639,Cc1nc(C)c(C(=O)N2C[C@H](C(=O)O)[C@@H](C3CC3)C2)o1,0,0
cid-10257754,CC(C)[C@H]1CNCCN1C(=O)N[C@H](Cc1ccc(F)cc1)C(=O)N1CCC(C(=O)NC(C)(C)C)(C2CCCCC2)CC1,0,0
cid-118068735,C=C(C)C(=O)NCC(=O)OC1C2C3(C)CC1(C)CC3OS2(=O)=O,0,0
cid-119220869,CC(CC(=O)O)NC(=O)c1cccc(NC(=O)C2CCCO2)c1,0,0
cid-103254806,O=C(O)c1occc1CNCc1cc(Br)cs1,0,0
cid-107698280,COCCC(C)Oc1ccc(F)cc1CO,0,0
cid-149920642,Cc1c(-c2ccccc2F)sc2c1C=NC(N)N2,0,0
cid-164718707,OC(c1cnn(CC2CC2)c1)c1cn(C(F)F)nc1Br,0,0
cid-170828965,CC(C)(C)OC(=O)c1ccccc1C(O)C(O)CN,0,0
cid-59112519,COC1[CH]N(CS(=O)(=O)[O-])c2ccc(OCNc3cccc(-n4[nH]nnc4=S)c3)cc2C1,-1,1
cid-167722899,O=C1CCC(N2C(=O)c3ccc(CN4CCCNCC(F)(F)C4)cc3C2=O)C(=O)N1,0,0
cid-97597770,COC(=O)[C@H](C)S[C@H](C)c1nc(Cc2ccc(F)cc2)no1,0,0
cid-150072740,Nc1c(Cl)cc(Cl)cc1OC(=O)C(F)F,0,0
cid-135893111,C#CCOc1ccc(C2CC(=O)Nc3c2c(C)nn3-c2nc(C)cc(C)n2)cc1OC,0,0
cid-105647727,CCC(CO)Nc1c(F)cc(C(=O)O)cc1F,0,0
cid-100457257,CC(C)NC(=O)[C@@H](C)N(Cc1ccccc1F)C(=O)COc1ccc(C(C)(C)C)cc1,0,0
cid-119641036,CCC(N)(CC)CNC(=O)c1cnn(-c2cccc(Cl)c2)c1C(C)C,0,0
cid-2268583,NC(=NOS(=O)(=O)c1ccc(Cl)cc1)c1ccncc1,0,0
cid-65644770,Cc1c(N)ncnc1-c1nccn1C,0,0
cid-60782037,CC(=O)c1ccc(O)c(CN2CCCCC2CCO)c1,0,0
cid-170817908,Cc1cc(C(O)C(O)CO)cc(C)c1N,0,0
cid-17504442,N#Cc1ccc(S(=O)(=O)N2CCN(C(=O)NCCc3cccs3)CC2)cc1,0,0
cid-83127437,CC1CCC(Oc2ccc([C@H](C)N)nc2)CC1,0,0
cid-39562529,Cc1cccc(N2CCN(C(=O)/C=C/c3ccncc3)CC2)c1C,0,0
cid-37024047,O=C(NC[C@H](c1ccccc1)c1c[nH]c2ccccc12)[C@H]1CCCN(c2cnccn2)C1,0,0
cid-101809836,Cc1cc(C(F)(F)Br)c(P(=O)(O)O)cc1C,0,0
cid-66159097,Clc1ccc(Br)c(-c2nccc(Cl)n2)c1,0,0
cid-100213668,CC[C@H](C(=O)NC)N(Cc1ccc(F)cc1)C(=O)CCCOc1ccc(Cl)cc1,0,0
cid-19756448,O=[N+]([O-])NC1=NCCN1C=Nc1ccccc1,0,0
cid-176698336,CCCN(C(=O)c1oc2cc(-c3cscn3)ccc2c1C1=C[CH]1)C(C)(CC)C(=O)NCc1ccccc1C,0,1
cid-23625716,CCCCOCCOCCOc1ccc(C#Cc2ccc3c(c2)C(CCCC)(CCCC)c2cc(-c4ccc5c(c4)C(CCCC)(CCCC)c4cc(C#Cc6ccc7c(c6)-c6cc(C#Cc8ccc9c(c8)C(CCCC)(CCCC)c8cc(-c%10ccc%11c(c%10)C(CCCC)(CCCC)c%10cc(C#Cc%12ccc(OCCOCCOCCCC)cc%12)ccc%10-%11)ccc8-9)ccc6S7(=O)=O)ccc4-5)ccc2-3)cc1,0,0
cid-103591013,Cc1cc(Oc2ccc3ccccc3c2Br)c(N)cc1F,0,0
cid-176141783,[2H]C([2H])([2H])Oc1ccc(CN2C(=O)CC(C(=O)OC)=Cc3ccc(Br)cc32)cc1,0,0
cid-22245007,CC1CCCCN1CCCC(=O)CSc1c(-c2cc(Cl)ccc2O)c2cc(C(F)(F)F)ccc2[nH]c1=O,0,0
cid-72949147,CS(=O)(=O)c1ccc([C@@H](OP(=O)([O-])O[C@@H](c2ccc(S(C)(=O)=O)cc2)[C@H](CF)NC(=O)C(Cl)Cl)[C@@H](CF)NC(=O)C(Cl)Cl)cc1,-1,0
cid-80178308,CC1(C)CCN(c2ccc([N+](=O)[O-])cc2C=O)C1,0,0
cid-123433765,Cc1cc2cccc3[nH+]c4c5c(cn4c(c1)c23)CC=CC=5,1,0
cid-68717023,CCCS(=O)(=O)c1ccccc1C(=O)N(C)C1CCCCC1,0,0
cid-105194511,Cc1ccc(C(NN)c2cccc(OC3CC3)c2)cc1,0,0
cid-59526431,CC(C)Cc1c(-c2ccc(OP(=O)(O)O)c(Cl)c2)c(C(N)=O)c(Cc2ccc(Cl)cc2)n1CCCOP(=O)(O)O,0,0
cid-124368257,COCC(=O)N1CCC[C@@H]1c1ccccn1,0,0
cid-10787158,Cn1c(=O)n2n(c1=O)[C@]1(C)CC[C@H]2C23CC21[C@]1(C)CC[C@H]3n2c(=O)n(C)c(=O)n21,0,0
cid-11967168,O=C(O)COc1c2cccc1Cc1cc(-c3cccc([N+](=O)[O-])c3)cc(c1O)Cc1cccc(c1OCC(=O)O)Cc1cc(-c3cccc([N+](=O)[O-])c3)cc(c1O)C2,0,0
cid-131001639,CCc1noc([C@@H]2CC[C@@H]2C(=O)O)n1,0,0
cid-15121634,Cc1ccc(C(=O)NN2C(c3c(C)cc(C)cc3C)=NOC2(C(=O)O)c2ccccc2)cc1,0,0
cid-6134471,O=C(CSc1nnc(-c2ccccc2)n1-c1ccc(Br)cc1)N/N=C\c1ccc(OCc2ccccc2)cc1,0,0
cid-51154984,CC(C)(C)C(=O)Nc1cccc(S(=O)(=O)NCc2ccco2)c1,0,0
cid-120990197,COCC(N)C(=O)N1CCCC1C(=O)Nc1cc(Cl)cc(Cl)c1,0,0
cid-79386609,CCN(CC(C)(C)O)S(=O)(=O)C1CC1,0,0
cid-69424097,CN(CCc1ccc(C2=NCCN2)cc1)C(=O)CCCNCS(=O)(=O)c1cccc2c(N(C)C)cccc12,0,0
cid-59531231,CC#CC(C)(C)C(C)[C@@H](/C=C/[C@@H]1[C@H]2CC3(C[C@H]2C[C@H]1O[Si](C)(C)C(C)(C)C)OCC(=CC(C)(C)C(C)(C)C(C)(C)C(=O)O)CO3)O[Si](C)(C)C(C)(C)C,0,0
cid-130135016,Cc1ccc(C(C)C#N)c(O)c1,0,0
cid-22576992,CC(=O)N1N=C(c2cc(C3CC3)nc3ccccc23)OC1(C)c1ccc(C)cc1,0,0
cid-23456993,C/C=C/CC(C)C(C)CC=O,0,0
cid-55396735,COC(=O)CNC(=O)c1ccc(NC(=O)CCCNC(=O)c2cccs2)cc1,0,0
cid-88609379,CCC(=O)OCC(=O)[C@@]1(OC(=O)CC)[C@@H](C)C[C@H]2[C@@H]3C[C@H](C)C4=CC(=O)CC[C@]4(C)[C@]34O[C@H]4C[C@@]21C,0,0
cid-58139416,Cc1nc2c(C(F)(F)F)cccc2n1-c1cccc(Oc2cccc(S(=O)(=O)CCCS(C)(=O)=O)c2)c1,0,0
cid-10739815,CC(C)(C)OC(=O)N1c2ccccc2C[C@H]1C(O)(c1ccccc1)c1ccccc1,0,0
cid-89662930,O=C(Nc1cc(F)c(F)c(F)c1)c1ccc(F)c(S(=O)(=O)N2CCCC2CO)c1,0,0
cid-176412512,O=S(=O)(c1cc(Cl)nc(Cl)c1)C1CCCC1,0,0
cid-109953891,O=C(CC(O)c1ccccc1)Nc1cc(-n2cnnn2)ccc1F,0,0
cid-101744776,O=[N+]([O-])c1ccc(Sc2ccc(Sc3ccc(Sc4ccc(Sc5ccc(Br)cc5)cc4)cc3)cc2)cc1,0,0
cid-155859779,O=C(NC[C@@H]1CO[C@@H]2CN(C(=O)C3Cc4ccccc4O3)C[C@H]12)c1cccnc1,0,0
cid-54424852,CN[C@@H]1Cc2ccccc2[C@H]1Nc1ccc(Cl)c(Cl)c1,0,0
cid-608546,CCCCCCCCCCCCCCCCOC(=O)c1ccccc1Br,0,0
cid-42739009,CCc1cc(=O)n(C)c(SCC(=O)NCCC(c2ccccc2)c2ccccc2)n1,0,0
cid-121459154,CC(C)N(CCF)CCN(C)c1ccc(F)cc1,0,0
cid-103859801,CN1CCCC(NCc2cccc(CO)c2)CC1,0,0
cid-166921986,C=CC(=O)N1CCN(c2nc(OC[C@@H]3CCCN3C)nc3c4c(c(Cl)cc23)C2C(=C(Cl)C=C(Cl)[C@H]2F)NCCO4)CC1,0,0
cid-158507412,C=CC(=O)N1CC(CC(=O)Cn2cc(C(=O)N3CCc4c(C)cccc4C3)c3cc(Br)cc(C)c32)C1,0,0
cid-126066053,CC(C)COc1c(Cl)cc(Cl)cc1C1C2=C(CC(C)(C)CC2=O)N(CC(=O)O)C2=C1C(=O)CC(C)(C)C2,0,0
cid-93271171,CCN(C(=O)[C@@H](N)Cc1ccccc1)C1CC1,0,0
cid-105229917,NNC(Cc1ccc(Br)cn1)C1CCCOC1,0,0
cid-134702474,CC(C)C1=NOC(C(=O)N2CCCN(C(=O)c3cc(N)n[nH]3)CC2)C1,0,0
cid-2345082,CSCC[C@@H](N=C(NS(=O)(=O)c1ccc(C)cc1)c1ccccc1)C(=O)O,0,0
cid-169309134,[2H]C([2H])([2H])c1cc(-c2ccccc2)ccc1-c1ccc(-c2ccnc(-c3ccccc3)c2)cc1,0,0
cid-43251276,NCCCN1CCN(S(=O)(=O)N2CCCCCC2)CC1,0,0
cid-137999063,COCCC1(c2noc(C3CCN(CC(F)(F)F)C3)n2)CCC1,0,0
cid-3334722,CCN1CCN(c2nc(N)c([N+](=O)[O-])c(Nc3ccccc3F)n2)CC1,0,0
cid-122041762,CCc1cnc(CNC2CC(N(CC(=O)O)CC3CC3)C2)s1,0,0
cid-58231311,CCCCc1ccc(S(=O)(=O)Nc2cccc(Cc3nc(-c4ccc(Cl)cc4Cl)cn3Cc3ccc(C(=O)OC)cc3)c2)cc1,0,0
cid-173901815,CCc1nc(NC(=O)N2CCC3(CCC(F)(F)CC3)C2=O)ccc1Oc1ccnc(C(C=NC)=CN)c1,0,0
cid-110293472,O=S(=O)(NCc1nc(-c2cccs2)no1)c1ccc2c(c1)OCO2,0,0
cid-80428185,COc1cccc(C(=O)CSc2ncns2)c1,0,0
cid-111238749,CCCCOCCCNC(=NC)NCCc1csc(CC)n1,0,0
cid-168400039,C[C@@H](c1ccc2c(c1CC(=O)CS(=O)(=O)c1cc(C(C)(C)O)co1)CCC2)C1CCCC1,0,0
cid-18305231,NCCCCC(N)C(=O)NCC(=O)NCC(=O)NC(CO)C(=O)O,0,0
cid-108421990,CCCC1(C(=O)O)CCN(C(C)c2cccc(Cl)c2Cl)C1,0,0
cid-110913351,COCCNC(N)=NCCCc1[nH]nc(N)c1C#N,0,0
cid-174748922,CC=C=C(C)C(=O)OCCCCO,0,0
cid-68288881,Cc1ccc(C(=O)N2CCC(c3ccc(C#N)cn3)CC2)cc1NC(=O)c1cnc(N2CCC2)nc1,0,0
cid-135215959,CCCC/C=C\C/C=C\C/C=C\C/C=C\CCCC(=O)NC(C)Cc1ccc(OC)c(O)c1,0,0
cid-78802487,CCCCOc1ccc(C(=O)NCCCN2CCCCCC2=O)cc1,0,0
cid-108173282,CCN(C)CCNCc1cccc([N+](=O)[O-])c1Br,0,0
cid-110613534,Cc1cc2cc(CNC(=O)C3CC(=O)N(c4ccccc4)C3)ccc2[nH]1,0,0
cid-23276881,CCCCCOc1cccc(NC(=O)OC2CCCC2N2CCCCC2)c1,0,0
cid-15361501,Cc1ccc(C2=CC(c3c(-c4ccccc4)nn(-c4ccccc4)c3Cl)C(C#N)(C#N)C(N)=C2C#N)cc1,0,0
cid-108204503,Cc1nc(Nc2cc(N)ccn2)sc1C,0,0
cid-116997137,CNc1ccc(-c2ccc3c(c2)CCN3C)cc1,0,0
cid-68178046,CCCCC/C=C\C/C=C\CCCCCCCCOCC(CN1CCCCC1)OCCCCCC,0,0
cid-64895589,COc1cc(OC)c(NC(=O)C(N)CCC(=O)O)cc1Cl,0,0
cid-108442974,COc1ccc(N2C(=O)C(Nc3ccc(Cl)cc3C)=C(c3ccccc3OC)C2=O)cc1,0,0
cid-138709852,CCc1ccc(C2CCC(C3CCC(I)CC3)CC2)cc1,0,0
cid-2180909,COc1ccc(C(=O)N/C(=C/c2ccccc2)C(=O)Nc2ccc(C(=O)NCC(=O)O)cc2)cc1,0,0
cid-49871531,Cc1cc(C(=O)/C=C/c2cc(C3=C(c4cc(/C=C/C(=O)c5cc(C)oc5C)sc4C)CCC3)c(C)s2)c(C)o1,0,0
cid-4976020,COc1ccc2c(CCNC(=O)c3cc4c(cc3Cl)OCCO4)c[nH]c2c1,0,0
cid-70632387,C[C@]12CC[C@@H]3c4ccc(OCc5ccccc5)cc4CC[C@H]3[C@@H]1C[C@H](O)[C@@H]2O,0,0
cid-176247308,Cc1cc([C@@H](C)Nc2ccc(Cl)nc2C(=O)NS(C)(=O)=O)c2nc(-c3ccc(N4CC5CCC(C4)C5O)nc3)n(C)c(=O)c2c1,0,0
cid-123840579,Cc1nc2ccccc2c2c1OC1(CC2)CC2C(=O)NC3(C(=O)NSC4(C)CC4)CC3C=CCCCCCC(NC(=O)NC3CCCC3)C(=O)N2C1,0,0
cid-56473073,O=C(COc1ccc(CCNC(=O)c2ccc3nc(C(F)F)[nH]c3c2)cc1)NC1CC1,0,0
cid-125932155,COc1cc(/C=C(\C#N)C(=O)Nc2c(Cl)cccc2Cl)cc(Cl)c1OS(=O)(=O)c1ccc(NC(C)=O)cc1,0,0
cid-115673948,OCCC1(NCc2ccccc2Cl)CCC1,0,0
cid-112245144,CCNC(=NCc1ccc(OC)cc1OC)NCCOCc1ccccc1,0,0
cid-104494625,CC(C)C1CCN(Cc2cccc(CNC(C)(C)C)c2)C1,0,0
cid-44204184,c1ccc([Se]C2([Se]c3ccccc3)CCC23CCCCC3)cc1,0,0
cid-129131186,CS(=O)Nc1ccc(-c2nc(C3CCCCC3)n3c2cnc2[nH]ccc23)cc1,0,0
cid-109877924,CC(NCC(c1cccnc1)C(C)C)c1cccc(CO)c1,0,0
cid-46923761,COc1ccc(NC(=O)CSc2nc3ccsc3c(=O)n2-c2ccc(C)c(C)c2)c(OC)c1,0,0
cid-65852651,CCNC(Cc1cc(C)nn1C)c1ccccc1F,0,0
cid-133463883,CC1CN(c2ccc(C(N)=O)nn2)C2CCCCC12,0,0
cid-120972076,Cc1ncc(CNC2=NCC(C)N2)c(=O)[nH]1,0,0
cid-41084906,CN(C)c1ccc(CN(C(=O)/C=C/c2ccccc2Cl)[C@@H]2CCS(=O)(=O)C2)cc1,0,0
cid-105671738,COc1ccc(C(O)C2C3C4CCC(C4)C32)c(C)c1,0,0
cid-89090824,CN1CC(O)CC1O,0,0
cid-174756296,CCC(OCC1CO1)c1ccc2c(C(CC)OCC3CO3)cccc2c1,0,0
cid-140283581,CO[Si](C)(CCOC(C)C)O[Si](C)(CCOC(C)C)O[Si](C)(CCOC(C)C)OC,0,0
cid-62663627,CN(C)c1cccc(F)c1[N+](=O)[O-],0,0
cid-59741141,C[C@H](NCCC(C)(C(=O)O)c1ccccc1)c1ccccc1,0,0
cid-89752935,CC(C)(C)C1CN(C(=O)O)Cc2nc(Cl)nc(N3CCOCC3)c21,0,0
cid-50758729,CCN1C(=O)c2cc(C(=O)NCc3ccccc3F)nn2CC1(C)C(=O)NC1CCCC1,0,0
cid-107687054,CCNCc1ccc(OCc2cc(F)cc(Br)c2)c(F)c1,0,0
cid-132375274,CCc1cccnc1C(=O)N1CCN(c2cc(C#N)ccn2)CC1,0,0
cid-89253992,CC1(C)CC[C@]2(C(=O)OCc3ccccc3)CC[C@]3(C)C(=C(c4ccccc4C=O)CC4[C@@]5(C)Cc6c(N)n[nH]c6C(C)(C)[C@@H]5CC[C@]43C)[C@@H]2C1,0,0
cid-17304609,CCn1c(COc2ccc(C)c(C)c2)nnc1SCC(=O)Nc1cc(Cl)ccc1OC,0,0
cid-2620744,O=C1COc2ccc(-c3csc(=Nc4ccc(F)cc4)n3N=Cc3ccc(O)c(O)c3)cc2N1,0,0
cid-57448367,NC(=O)N1CC2CN(CCc3ccc(Oc4nc5ccncc5s4)cc3)CC2C1,0,0
cid-169547491,C#CC1(O)CCN(C(=O)OCCl)CC1,0,0
cid-126642536,O=C(O)c1ccc(-c2ncn(CCCCC(F)(F)F)n2)cc1,0,0
cid-1018464,COc1ccc(Br)cc1C(=O)NC(=S)Nc1cc(C)ccn1,0,0
cid-65145030,CC(O)(Cc1cc(Br)ccc1F)c1ccc(F)cc1,0,0
cid-24269321,Cc1ccccc1C(CO)Cc1ccc2c(c1)OCO2,0,0
cid-41066705,CCOc1ccc(/C=C2\SC(=S)N([C@@H]3CCS(=O)(=O)C3)C2=O)cc1OCC,0,0
cid-115638958,CC(NCCCC1CC1)c1ccccc1Br,0,0
cid-112213134,CN=C(NCc1ccc(O)c(F)c1)NC1CCN(C(C)c2ccccc2)CC1,0,0
cid-154819864,CO[C@H]1COC[C@@H]1n1ccnc1-c1nccn1C,0,0
cid-169721851,Cc1cc(-c2ccncc2N2CCN(C(=O)C=CCN(C)C)CC2)ccc1CNC(=O)O,0,0
cid-64047455,O=C(O)c1ccc([N+](=O)[O-])cc1NCCC1CCCC1,0,0
cid-155170028,CCCC(F)(F)COc1cc([N+](=O)[O-])ccc1OC,0,0
cid-145835288,Cc1cnn(-c2cccc(N(c3cccc(-n4cc(C)cn4)c3)c3cc(C(C)(C)C)cc(C(C)(C)C)c3)c2)c1,0,0
cid-133755127,Cn1c(=O)c2ccccc2n2c(CSc3nnnn3C3CCCCC3)nnc12,0,0
cid-108193584,Cn1cc(CNc2cccnc2Br)nn1,0,0
cid-897548,COc1ccc(C=CC(=O)N2CCc3ccccc32)cc1OC,0,0
cid-70651696,Cc1c(NC(=O)N2CCc3cc(F)ccc32)cccc1-c1cnc(C(N)=O)c2[nH]c3cc(OC4CCOC4)ccc3c12,0,0
cid-862492,COc1ccccc1C[C@@H](C(=O)Nc1cccc(C)c1)c1nn[nH]n1,0,0
cid-97617988,COc1c(Br)c(C(=O)O)nn1Cc1ccccc1,0,0
cid-45869579,CC1Cc2cc(S(N)(=O)=O)ccc2N1Cc1ccc(OC(F)(F)F)cc1,0,0
cid-136662680,CC[C@H](C(=O)[C@@H](C)[C@@H](O)[C@H](C)[C@@H]1O[C@@H]([C@@H](CC)C(=O)O)[C@@H](C)C[C@@H]1C)[C@H]1O[C@]2(C=C[C@@H](O)[C@]3(CC[C@@](C)([C@H]4CC[C@](O)(CC)[C@H](C)O4)O3)O2)[C@H](C)C[C@@H]1C,0,0
cid-135646616,O=C(O)Cn1nc(C2CC2)c2c(C(F)F)cc(=O)[nH]c21,0,0
cid-177248806,COC(=O)Cc1nc(N)nc(Nc2ccc(N3CCOCC3)cc2)n1,0,0
cid-5141150,Fc1ccccc1NC(=S)N(CC[NH+]1CCCCC1)Cc1ccco1,1,0
cid-90029994,Clc1ccc(-n2ncc(-c3nnn(Cc4ccccc4)n3)c2SSc2c(-c3nnn(Cc4ccccc4)n3)cnn2-c2ccc(Cl)c(Cl)c2)cc1Cl,0,0
cid-142413070,O=C1CCC(=Cc2ccc(F)cc2)CO1,0,0
cid-107090066,CC1(C)CCN(S(=O)(=O)c2ccc(C(=O)O)c(Cl)c2)CC1,0,0
cid-157143469,Cc1cc2ncn(CC(=O)C[C@@H](Cc3cc(F)cc(F)c3)c3ncccc3-c3cccc(S(=O)(=O)CC4CC4)c3)c2cc1C,0,0
cid-140451115,O=C(CCNC(=O)c1ccc(C(=O)O)cc1)N[C@H](CNC(=O)[C@@H]1CCCN(C(=O)CCC2CCNCC2)C1)C(=O)O,0,0
cid-171232943,Cc1c(C)c(C)c([C@@H](N)CCN)c(C)c1C,0,0
cid-148243374,CCCCN1C(CCCC)(CCCC)CC(OC(=O)CCCCCCCCC(=O)OC2CC(CCCC)(CCCC)N(CCCC)C(CCCC)(CCCC)C2)CC1(CCCC)CCCC,0,0
cid-4425800,O=C(CNc1ccc(Br)cc1)NN=Cc1cccc(Oc2ccccc2)c1,0,0
cid-143395374,CC(=O)C1=NN(c2ccc(Cl)cc2Cl)[C@@H](c2ccc(F)cc2)[C@H]1C,0,0
cid-39378570,CC(C)(C)[C@H]1CCc2c(sc(NC(=O)COC(=O)c3ccc(C=O)cc3)c2C#N)C1,0,0
cid-160941689,C[SiH]1O[SiH](C)O[SiH](O[SiH2]O[SiH2]O[SiH2]CC[Si]2(C)O[SiH](C)O[SiH](O[SiH2]O[SiH2]O[SiH2]O[SiH]3O[SiH](C)O[SiH](C)O[SiH](C)O3)O[SiH](C)O2)O[SiH](C)O1,0,0
cid-78403734,CC1N=C2C3C=CC=CC3=NC(=S)N2C1=O,0,0
cid-65724931,CCC(C(=O)O)N(C)Cc1sc(C)nc1C,0,0
cid-101930634,CO[C@H]1CC(=O)CCC12S(=O)CCS2=O,0,0
cid-8525396,CCc1ccc2c(CC(=O)OCCN3C(=O)c4ccccc4S3(=O)=O)coc2c1,0,0
cid-131919341,Cc1ccc(SC(C)C(=O)NC2CCNCC2)cc1,0,0
cid-156573527,CC(C)(C)Cc1ccc2c(c1)Oc1cc(CC(C)(C)C)ccc1S2,0,0
cid-139268956,COc1cc(OCc2cccc(NC(=O)c3cccc(Cl)c3)c2)c2cc(-c3cn4nc(OC)sc4n3)oc2c1,0,0
cid-108599647,Cc1ccc(C)c(/C(O)=C2\C(=O)C(=O)N(c3nc4ccc(C)cc4[nH]3)C2c2ccccc2)c1,0,0
cid-69324051,CCc1cccc(CN(C[C@@H](O)[C@@H](N)Cc2cc(F)cc(F)c2)C(=O)c2cc(C)cc(C(=O)N(C)C(C)C)c2)c1,0,0
cid-5268339,CC(C)Oc1ccc(S(=O)(=O)N2CCN(C)CC2)cn1,0,0
cid-53476503,CC1(C)Oc2ccc(Nc3nc(Nc4ccc(N5CCOC(CO)C5)cc4)ncc3F)nc2NC1=O,0,0
cid-117855933,CCCCCCCCCCCCCCCCOC(=O)OCN1C(=O)CC(C)(C)c2ccc(OCCCCN3CCN(c4cccc5sccc45)CC3)cc21,0,0
cid-29785200,Nc1cc(Cl)ccc1S(=O)(=O)N1CCCCCCC1,0,0
cid-53125180,Cc1ccc(-n2nnc(C(=O)Nc3ccc(F)cc3C)c2-c2cccnc2)cc1C,0,0
cid-5198859,Cc1nnsc1Sc1ccc([N+](=O)[O-])cc1,0,0
cid-21860202,COC(=O)c1nc2c(c(SC)nc3ccccc32)c(N)c1C(=O)OC,0,0
cid-40569565,NC[C@@H](O)CNc1ccccc1Cl,0,0
cid-140004708,c1cncc(C2(c3cc4ncccn4n3)CCC2)c1,0,0
